City_ID,City,Lat,Lng,Max Temp,Humidity,Cloudiness,Wind Speed,Country,Date
0,Carnarvon,-24.8667,113.6333,70.68,71,0,10.69,AU,2022-07-14 01:37:49
1,Gazalkent,41.5581,69.7708,80.02,29,0,6.44,UZ,2022-07-14 01:37:50
2,Pangnirtung,66.1451,-65.7125,45.97,85,84,2.71,CA,2022-07-14 01:35:46
3,Deputatskiy,69.3,139.9,51.62,66,100,6.51,RU,2022-07-14 01:33:19
4,Dikson,73.5069,80.5464,44.55,70,99,5.21,RU,2022-07-14 01:37:50
5,Nikolskoye,59.7035,30.7861,62.8,85,34,4.97,RU,2022-07-14 01:37:50
6,Lompoc,34.6391,-120.4579,78.01,76,0,13.8,US,2022-07-14 01:37:51
7,Mar Del Plata,-38.0023,-57.5575,50.09,82,0,14.0,AR,2022-07-14 01:37:51
8,Taksimo,56.3444,114.8794,72.57,54,47,3.4,RU,2022-07-14 01:37:51
9,Aswan,24.0934,32.907,85.3,20,0,5.75,EG,2022-07-14 01:37:52
10,Borsa,47.6553,24.6633,57.49,80,78,0.72,RO,2022-07-14 01:37:52
11,Dawlatabad,36.4141,64.9053,80.62,23,0,3.76,AF,2022-07-14 01:37:52
12,Bluff,-46.6,168.3333,47.8,71,82,13.73,NZ,2022-07-14 01:37:53
13,Bredasdorp,-34.5322,20.0403,58.1,79,76,16.24,ZA,2022-07-14 01:37:53
14,Nizhnevartovsk,60.9344,76.5531,60.82,88,0,4.47,RU,2022-07-14 01:37:53
15,Albany,42.6001,-73.9662,68.86,87,100,2.93,US,2022-07-14 01:35:34
16,Mataura,-46.1927,168.8643,47.48,90,41,5.12,NZ,2022-07-14 01:37:54
17,Gazli,40.1333,63.45,85.28,23,0,16.84,UZ,2022-07-14 01:37:54
18,Saint-Philippe,-21.3585,55.7679,65.79,80,58,12.03,RE,2022-07-14 01:37:54
19,Rikitea,-23.1203,-134.9692,69.98,81,89,8.01,PF,2022-07-14 01:34:45
20,Kapaa,22.0752,-159.319,85.98,73,20,17.27,US,2022-07-14 01:33:22
21,Tuatapere,-46.1333,167.6833,43.75,86,90,9.06,NZ,2022-07-14 01:34:24
22,Ulaangom,49.9811,92.0667,58.42,57,100,11.97,MN,2022-07-14 01:37:55
23,Touho,-20.7833,165.2333,74.26,67,67,8.99,NC,2022-07-14 01:37:55
24,Punta Arenas,-53.15,-70.9167,37.51,81,100,16.11,CL,2022-07-14 01:37:56
25,Eydhafushi,5.1033,73.0708,82.58,74,100,14.56,MV,2022-07-14 01:37:56
26,Bambous Virieux,-20.3428,57.7575,68.25,83,75,12.66,MU,2022-07-14 01:37:56
27,Namatanai,-3.6667,152.4333,83.03,77,98,7.14,PG,2022-07-14 01:37:56
28,Vaini,-21.2,-175.2,76.89,85,12,19.73,TO,2022-07-14 01:37:57
29,Ushuaia,-54.8,-68.3,33.46,80,40,8.05,AR,2022-07-14 01:34:27
30,New Norfolk,-42.7826,147.0587,49.91,68,100,3.33,AU,2022-07-14 01:34:33
31,Busselton,-33.65,115.3333,63.34,83,72,19.06,AU,2022-07-14 01:37:57
32,Fort Nelson,58.8053,-122.7002,63.99,48,75,3.44,CA,2022-07-14 01:37:58
33,Sergeyevka,53.88,67.4158,68.07,71,4,3.0,KZ,2022-07-14 01:37:58
34,Lebu,-37.6167,-73.65,42.94,83,22,6.29,CL,2022-07-14 01:37:58
35,Zunyi,27.6867,106.9072,79.86,73,50,9.24,CN,2022-07-14 01:37:59
36,Clyde River,70.4692,-68.5914,37.63,93,0,11.5,CA,2022-07-14 01:37:59
37,Bengkulu,-3.8004,102.2655,80.74,78,40,2.19,ID,2022-07-14 01:35:41
38,Grindavik,63.8424,-22.4338,46.87,93,75,10.36,IS,2022-07-14 01:37:59
39,Sinnamary,5.3833,-52.95,76.12,90,100,3.69,GF,2022-07-14 01:38:00
40,Poykovskiy,61.2333,73.3333,61.09,93,40,4.47,RU,2022-07-14 01:38:00
41,Kununurra,-15.7667,128.7333,69.78,24,18,17.27,AU,2022-07-14 01:36:14
42,Thompson,55.7435,-97.8558,78.96,38,0,10.36,CA,2022-07-14 01:38:00
43,Ilulissat,69.2167,-51.1,46.42,81,65,4.61,GL,2022-07-14 01:33:38
44,Bethel,41.3712,-73.414,78.67,74,91,1.19,US,2022-07-14 01:38:01
45,Jamestown,42.097,-79.2353,67.59,72,40,6.91,US,2022-07-14 01:38:01
46,Port Alfred,-33.5906,26.891,53.19,76,0,1.99,ZA,2022-07-14 01:33:10
47,Kavaratti,10.5669,72.642,81.39,82,100,21.0,IN,2022-07-14 01:38:02
48,Kaitangata,-46.2817,169.8464,45.77,85,93,9.06,NZ,2022-07-14 01:39:02
49,Kodiak,57.79,-152.4072,58.51,77,100,8.05,US,2022-07-14 01:39:02
50,Vila Velha,-20.3297,-40.2925,73.35,86,40,3.44,BR,2022-07-14 01:36:29
51,Port Elizabeth,-33.918,25.5701,62.31,59,5,5.01,ZA,2022-07-14 01:39:03
52,Castro,-24.7911,-50.0119,52.59,96,100,7.07,BR,2022-07-14 01:39:03
53,Hilo,19.7297,-155.09,81.28,91,100,11.5,US,2022-07-14 01:38:28
54,Barsovo,61.1667,73.1667,60.93,98,100,4.29,RU,2022-07-14 01:39:04
55,Hendrina,-26.1588,29.7153,42.35,54,0,4.16,ZA,2022-07-14 01:39:04
56,Kruisfontein,-34.0033,24.7314,48.88,53,39,9.69,ZA,2022-07-14 01:38:19
57,Itarema,-2.9248,-39.9167,78.96,79,11,14.47,BR,2022-07-14 01:39:05
58,Marathon,44.9,-89.7668,74.73,58,0,0.0,US,2022-07-14 01:39:05
59,Fortuna,40.5982,-124.1573,63.66,76,0,7.0,US,2022-07-14 01:39:05
60,Kapoeta,4.7717,33.5903,74.3,67,77,1.68,SS,2022-07-14 01:39:06
61,Hobart,-42.8794,147.3294,51.26,78,75,11.5,AU,2022-07-14 01:38:21
62,Tevaitoa,-16.7833,-151.5,78.17,68,82,19.73,PF,2022-07-14 01:35:04
63,Lang Son,21.8333,106.7333,85.1,72,3,3.56,VN,2022-07-14 01:39:06
64,Kindu,-2.95,25.95,74.88,69,87,1.9,CD,2022-07-14 01:39:07
65,Yellowknife,62.456,-114.3525,64.92,63,75,3.44,CA,2022-07-14 01:37:02
66,Verin,41.9415,-7.4381,82.56,37,55,3.13,ES,2022-07-14 01:39:07
67,Tambacounda,13.7539,-13.7586,82.45,89,0,4.61,SN,2022-07-14 01:39:07
68,Ambilobe,-13.2,49.05,64.96,84,2,4.21,MG,2022-07-14 01:39:08
69,Ancud,-41.8697,-73.8203,41.23,88,100,11.54,CL,2022-07-14 01:39:08
70,Saskylakh,71.9167,114.0833,47.21,61,100,9.04,RU,2022-07-14 01:39:08
71,Belaya Gora,68.5333,146.4167,56.12,63,100,9.1,RU,2022-07-14 01:39:09
72,Barrow,71.2906,-156.7887,42.82,70,0,16.11,US,2022-07-14 01:39:09
73,Hobyo,5.3505,48.5268,77.72,77,85,22.28,SO,2022-07-14 01:39:09
74,Iqaluit,63.7506,-68.5145,40.73,86,75,8.05,CA,2022-07-14 01:38:13
75,Yulara,-25.2406,130.9889,55.24,47,0,17.27,AU,2022-07-14 01:36:09
76,Pevek,69.7008,170.3133,38.95,78,100,11.7,RU,2022-07-14 01:39:10
77,Kirakira,-10.4544,161.9205,84.52,56,8,3.62,SB,2022-07-14 01:39:10
78,Atuona,-9.8,-139.0333,77.74,74,26,19.04,PF,2022-07-14 01:39:10
79,Ormara,25.2088,64.6357,84.04,87,47,7.38,PK,2022-07-14 01:39:11
80,Tuktoyaktuk,69.4541,-133.0374,41.0,87,100,19.57,CA,2022-07-14 01:39:11
81,Cape Town,-33.9258,18.4232,58.87,93,75,16.11,ZA,2022-07-14 01:39:11
82,Butaritari,3.0707,172.7902,82.18,78,5,18.1,KI,2022-07-14 01:39:12
83,Ponta Delgada,37.7333,-25.6667,68.5,82,40,6.91,PT,2022-07-14 01:39:12
84,Cherskiy,68.75,161.3,54.9,48,32,19.66,RU,2022-07-14 01:35:45
85,Puerto Escondido,15.85,-97.0667,80.29,82,95,1.83,MX,2022-07-14 01:38:19
86,Rafaela,-31.2503,-61.4867,53.01,52,0,3.0,AR,2022-07-14 01:39:13
87,Chokurdakh,70.6333,147.9167,55.87,41,1,10.16,RU,2022-07-14 01:39:13
88,Sao Filipe,14.8961,-24.4956,73.69,81,30,11.07,CV,2022-07-14 01:39:13
89,Dekar,-21.5333,21.9333,50.56,48,3,3.53,BW,2022-07-14 01:39:14
90,Yumen,40.2833,97.2,74.14,32,100,6.6,CN,2022-07-14 01:39:14
91,San Ignacio,17.1561,-89.0714,78.94,94,0,0.0,BZ,2022-07-14 01:39:14
92,Cabo San Lucas,22.8909,-109.9124,90.7,45,0,11.5,MX,2022-07-14 01:36:41
93,Mmabatho,-25.85,25.6333,42.76,70,0,2.3,ZA,2022-07-14 01:40:15
94,Komsomolskiy,40.4272,71.7189,70.52,52,0,6.91,UZ,2022-07-14 01:40:15
95,Sinjai,-5.1241,120.253,75.51,94,97,3.44,ID,2022-07-14 01:40:16
96,Guayaramerin,-10.8368,-65.3614,78.31,71,92,1.88,BO,2022-07-14 01:40:16
97,Baoshan,46.5586,131.4244,73.72,83,100,12.77,CN,2022-07-14 01:40:16
98,Ipixuna,-1.7625,-48.8043,74.05,95,98,3.85,BR,2022-07-14 01:40:17
99,Moron,-34.6534,-58.6198,53.96,77,6,8.86,AR,2022-07-14 01:40:17
100,Longyearbyen,78.2186,15.6401,48.04,87,75,5.75,SJ,2022-07-14 01:35:42
101,Camacha,33.0833,-16.3333,62.02,82,20,0.0,PT,2022-07-14 01:40:17
102,Port Moresby,-9.4431,147.1797,78.22,73,100,23.02,PG,2022-07-14 01:40:18
103,Klaksvik,62.2266,-6.589,49.12,88,100,6.02,FO,2022-07-14 01:40:18
104,Stromness,58.965,-3.296,50.88,86,98,15.99,GB,2022-07-14 01:40:18
105,Avarua,-21.2078,-159.775,77.05,61,75,9.22,CK,2022-07-14 01:40:19
106,Coos Bay,43.3665,-124.2179,64.99,86,0,16.11,US,2022-07-14 01:36:24
107,Businga,3.3333,20.8833,69.15,98,60,2.04,CD,2022-07-14 01:40:19
108,Kibondo,-3.5864,30.7203,63.05,57,85,2.73,TZ,2022-07-14 01:40:19
109,Nexo,55.0607,15.1306,59.09,73,1,22.3,DK,2022-07-14 01:40:20
110,Taft,31.7471,54.2088,71.55,15,0,4.61,IR,2022-07-14 01:40:20
111,Leningradskiy,69.3833,178.4167,40.06,78,94,9.1,RU,2022-07-14 01:40:20
112,Te Anau,-45.4167,167.7167,43.59,83,62,0.58,NZ,2022-07-14 01:37:19
113,Khatanga,71.9667,102.5,46.04,77,100,10.25,RU,2022-07-14 01:40:21
114,Saint Anthony,45.0205,-93.218,74.82,69,0,10.36,US,2022-07-14 01:40:21
115,Port Keats,-14.25,129.55,75.16,20,6,13.2,AU,2022-07-14 01:40:22
116,Dakar,14.6937,-17.4441,78.93,73,75,6.91,SN,2022-07-14 01:39:34
117,Fosforitnyy,55.3261,38.9,58.03,84,100,1.5,RU,2022-07-14 01:40:22
118,Perelyub,51.8667,50.3667,72.52,72,98,10.31,RU,2022-07-14 01:40:22
119,Isangel,-19.55,169.2667,84.31,79,75,9.22,VU,2022-07-14 01:37:47
120,Severo-Kurilsk,50.6789,156.125,55.51,90,100,2.98,RU,2022-07-14 01:40:23
121,Hermanus,-34.4187,19.2345,57.79,86,91,15.46,ZA,2022-07-14 01:40:23
122,Tasiilaq,65.6145,-37.6368,36.59,80,3,6.4,GL,2022-07-14 01:40:23
123,Shache,38.4167,77.2406,74.71,37,100,10.07,CN,2022-07-14 01:40:24
124,Alta Floresta,-9.8756,-56.0861,71.42,73,0,1.14,BR,2022-07-14 01:40:24
125,Flinders,-34.5833,150.8552,56.37,68,88,14.0,AU,2022-07-14 01:40:25
126,Nizhniy Tsasuchey,50.5167,115.1333,73.98,52,0,11.99,RU,2022-07-14 01:40:25
127,Asyut,27.181,31.1837,77.18,48,10,14.07,EG,2022-07-14 01:40:25
128,Nampula,-15.1165,39.2666,64.35,94,75,4.61,MZ,2022-07-14 01:37:54
129,Sorbhog,26.5,90.8667,85.21,79,100,4.45,IN,2022-07-14 01:40:26
130,Chuguyevka,44.1653,133.8633,66.2,98,100,5.79,RU,2022-07-14 01:40:26
131,Alfenas,-21.4292,-45.9472,57.81,74,0,4.74,BR,2022-07-14 01:36:15
132,Sirur,18.8333,74.3833,71.6,95,100,13.33,IN,2022-07-14 01:40:26
133,Cidreira,-30.1811,-50.2056,57.85,82,1,21.21,BR,2022-07-14 01:40:27
134,Touros,-5.1989,-35.4608,74.34,88,36,11.65,BR,2022-07-14 01:40:27
135,Shama,33.6102,104.2852,69.46,86,100,2.8,CN,2022-07-14 01:40:27
136,Pangkalanbuun,-2.6833,111.6167,82.38,75,74,3.44,ID,2022-07-14 01:40:28
137,Bantogon,6.5333,124.0333,82.11,72,29,3.87,PH,2022-07-14 01:40:28
138,Puerto Ayora,-0.7393,-90.3518,68.56,96,46,5.01,EC,2022-07-14 01:40:28
139,Kieta,-6.2167,155.6333,86.11,66,75,8.32,PG,2022-07-14 01:41:29
140,Faanui,-16.4833,-151.75,78.55,69,86,19.39,PF,2022-07-14 01:41:29
141,Dunedin,-45.8742,170.5036,48.79,78,100,11.01,NZ,2022-07-14 01:37:38
142,Anadyr,64.75,177.4833,59.5,81,75,0.0,RU,2022-07-14 01:41:29
143,Pemba,-12.974,40.5178,70.5,94,75,8.05,MZ,2022-07-14 01:41:30
144,Opuwo,-18.0607,13.84,57.18,39,0,6.8,NA,2022-07-14 01:41:30
145,Pitea,65.3172,21.4794,59.09,87,100,2.57,SE,2022-07-14 01:41:31
146,Fairbanks,64.8378,-147.7164,66.22,55,75,10.36,US,2022-07-14 01:41:31
147,Aykhal,66.0,111.5,54.84,60,50,7.4,RU,2022-07-14 01:41:31
148,Skibbereen,51.55,-9.2667,56.1,90,2,4.85,IE,2022-07-14 01:40:47
149,Luyang,27.6239,110.0989,88.07,61,74,8.05,CN,2022-07-14 01:41:32
150,Gaurnadi,22.9667,90.2333,85.21,74,12,18.23,BD,2022-07-14 01:41:32
151,Xichang,27.8964,102.2634,77.63,70,58,2.55,CN,2022-07-14 01:41:32
152,Borba,-4.3878,-59.5939,77.16,73,36,2.62,BR,2022-07-14 01:41:33
153,Atamanovka,51.93,113.63,68.43,41,0,2.8,RU,2022-07-14 01:41:33
154,Zelenogorskiy,55.0333,87.0,58.64,55,98,3.74,RU,2022-07-14 01:41:33
155,Broome,42.2506,-75.833,68.0,95,75,1.01,US,2022-07-14 01:41:34
156,Vanimo,-2.6741,141.3028,84.67,68,100,2.95,PG,2022-07-14 01:41:34
157,Areosa,41.7178,-8.8571,79.36,38,64,10.92,PT,2022-07-14 01:41:34
158,Pimentel,-6.8367,-79.9342,62.46,83,77,16.02,PE,2022-07-14 01:41:35
159,Magole,-6.3667,37.3667,63.84,82,48,2.33,TZ,2022-07-14 01:41:35
160,Dubrovytsya,51.5744,26.565,54.41,96,10,7.18,UA,2022-07-14 01:41:35
161,Ayagoz,47.9714,80.4392,65.57,40,60,18.66,KZ,2022-07-14 01:41:36
162,Raudeberg,61.9875,5.1352,50.67,77,100,10.92,NO,2022-07-14 01:41:36
163,Khandagayty,50.7333,92.05,48.9,82,100,7.05,RU,2022-07-14 01:41:36
164,Tual,-5.6667,132.75,79.21,82,73,27.2,ID,2022-07-14 01:38:17
165,Kimparana,12.8347,-4.9244,80.58,65,95,4.05,ML,2022-07-14 01:41:37
166,Abancay,-13.6339,-72.8814,53.87,87,40,2.8,PE,2022-07-14 01:41:37
167,Nueva Loja,0.0847,-76.8828,75.22,94,40,4.61,EC,2022-07-14 01:41:37
168,Los Llanos De Aridane,28.6585,-17.9182,65.95,75,20,5.75,ES,2022-07-14 01:41:38
169,Mount Gambier,-37.8333,140.7667,54.01,68,100,2.84,AU,2022-07-14 01:41:38
170,Airai,-8.9266,125.4092,65.44,60,99,4.09,TL,2022-07-14 01:41:38
171,Pringsewu,-5.3582,104.9744,78.39,89,96,1.05,ID,2022-07-14 01:41:39
172,Bandar-E Anzali,37.4727,49.4622,69.91,70,0,2.33,IR,2022-07-14 01:40:35
173,Orneta,54.1148,20.1333,57.99,94,2,10.85,PL,2022-07-14 01:41:39
174,Berlevag,70.8578,29.0864,58.8,97,100,13.76,NO,2022-07-14 01:41:39
175,Dovolnoye,54.4958,79.6671,59.65,65,61,1.39,RU,2022-07-14 01:41:40
176,Honningsvag,70.9821,25.9704,55.15,94,100,0.0,NO,2022-07-14 01:41:40
177,Oktyabrskoye,43.0645,44.7417,66.47,69,78,3.49,RU,2022-07-14 01:41:40
178,Mahebourg,-20.4081,57.7,68.29,83,75,12.66,MU,2022-07-14 01:41:41
179,Sao Raimundo Das Mangabeiras,-7.0219,-45.4811,77.36,47,8,5.97,BR,2022-07-14 01:41:41
180,Buraydah,26.326,43.975,86.45,15,100,8.1,SA,2022-07-14 01:41:41
181,Upernavik,72.7868,-56.1549,40.33,88,94,12.59,GL,2022-07-14 01:41:42
182,Aklavik,68.2191,-135.0107,42.04,72,98,23.64,CA,2022-07-14 01:41:42
183,Ilhabela,-23.7781,-45.3581,66.83,93,100,8.12,BR,2022-07-14 01:41:42
184,Bonavista,48.6499,-53.1147,59.68,92,100,16.4,CA,2022-07-14 01:42:42
185,Talnakh,69.4865,88.3972,58.21,46,52,0.72,RU,2022-07-14 01:42:43
186,Cairns,-16.9167,145.7667,72.1,41,8,16.11,AU,2022-07-14 01:38:28
187,Stanghelle,60.5528,5.7357,53.85,96,100,4.21,NO,2022-07-14 01:42:43
188,Luangwa,-15.6167,30.4167,60.85,64,77,2.21,ZM,2022-07-14 01:42:44
189,Xinyu,27.8043,114.9334,91.99,59,100,4.03,CN,2022-07-14 01:42:44
190,Lubao,14.9167,120.55,87.51,68,100,4.32,PH,2022-07-14 01:42:44
191,Buala,-8.145,159.5921,85.33,60,35,5.46,SB,2022-07-14 01:42:44
192,Mildura,-34.2,142.15,48.07,79,0,6.98,AU,2022-07-14 01:42:45
193,Sakakah,29.9697,40.2064,87.37,26,8,11.23,SA,2022-07-14 01:42:45
194,Chuy,-33.6971,-53.4616,45.99,88,0,8.93,UY,2022-07-14 01:42:46
195,Tessalit,20.1986,1.0114,90.93,25,20,8.93,ML,2022-07-14 01:42:46
196,Amalapuram,16.5833,82.0167,76.78,80,100,11.9,IN,2022-07-14 01:42:46
197,Lovozero,68.005,35.0117,64.85,88,31,6.69,RU,2022-07-14 01:42:46
198,Pervoye Maya,56.164,44.7196,60.69,93,100,2.86,RU,2022-07-14 01:42:47
199,Tezu,27.9167,96.1667,89.42,62,83,1.77,IN,2022-07-14 01:42:47
200,Coquimbo,-29.9533,-71.3436,55.13,87,75,9.22,CL,2022-07-14 01:42:47
201,Rypefjord,70.6333,23.6667,57.67,94,100,0.0,NO,2022-07-14 01:42:48
202,Sampit,-2.5333,112.95,76.68,93,99,3.58,ID,2022-07-14 01:42:48
203,Vestmannaeyjar,63.4427,-20.2734,49.66,80,100,12.55,IS,2022-07-14 01:38:19
204,Norman Wells,65.282,-126.8329,55.44,88,100,8.05,CA,2022-07-14 01:42:48
205,Ballarat,-37.5662,143.8496,50.0,56,36,5.91,AU,2022-07-14 01:42:49
206,Aripuana,-9.1667,-60.6333,75.2,48,84,1.72,BR,2022-07-14 01:42:49
207,Qasigiannguit,68.8193,-51.1922,46.65,92,98,4.32,GL,2022-07-14 01:42:49
208,Hopkinsville,36.8656,-87.4886,78.03,83,0,6.24,US,2022-07-14 01:42:50
209,Niwari,28.8833,77.5333,90.05,52,36,5.79,IN,2022-07-14 01:42:50
210,Santa Rosa,14.3122,121.1114,88.02,72,100,2.19,PH,2022-07-14 01:42:50
211,Isabela,6.7085,121.9711,82.45,66,26,3.02,PH,2022-07-14 01:42:51
212,Kargopol,61.5071,38.9456,62.01,76,88,3.58,RU,2022-07-14 01:42:51
213,Baoqing,46.3317,132.2111,72.99,78,100,13.53,CN,2022-07-14 01:42:51
214,Namwala,-15.7504,26.4384,54.77,69,3,4.59,ZM,2022-07-14 01:42:52
215,Cajamarca,-7.1638,-78.5003,50.56,92,68,1.79,PE,2022-07-14 01:41:20
216,Bonwapitse,-23.0766,26.7037,55.18,45,0,4.61,BW,2022-07-14 01:42:52
217,Provideniya,64.3833,-173.3,57.36,77,75,11.18,RU,2022-07-14 01:42:52
218,Tautira,-17.7333,-149.15,77.04,67,54,17.83,PF,2022-07-14 01:42:53
219,Strezhevoy,60.7333,77.5889,61.63,50,100,1.57,RU,2022-07-14 01:42:53
220,Bilma,18.6853,12.9164,88.36,18,4,10.04,NE,2022-07-14 01:42:53
221,Aljezur,37.3191,-8.8033,74.43,63,97,5.7,PT,2022-07-14 01:42:54
222,Lock Haven,41.137,-77.4469,82.29,81,36,2.71,US,2022-07-14 01:42:54
223,Whitecourt,54.1502,-115.6855,70.84,26,20,12.66,CA,2022-07-14 01:42:54
224,Novomalorossiyskaya,45.6348,39.8948,61.9,67,32,6.53,RU,2022-07-14 01:42:55
225,Atasu,48.6814,71.6433,72.27,36,0,5.44,KZ,2022-07-14 01:42:55
226,Ponta Do Sol,32.6667,-17.1,68.72,76,29,2.84,PT,2022-07-14 01:42:55
227,Jega,12.2175,4.3792,79.57,73,100,11.14,NG,2022-07-14 01:42:56
228,Wasilla,61.5814,-149.4394,60.35,81,100,3.44,US,2022-07-14 01:41:05
229,Manjacaze,-24.7117,33.8828,58.37,74,0,7.27,MZ,2022-07-14 01:42:56
230,Saldanha,-33.0117,17.9442,55.45,94,100,8.88,ZA,2022-07-14 01:42:56
231,Puerto Madryn,-42.7692,-65.0385,45.73,53,100,7.36,AR,2022-07-14 01:42:57
232,Ritchie,-29.038,24.6028,36.61,43,0,6.29,ZA,2022-07-14 01:43:57
233,Qaanaaq,77.484,-69.3632,38.91,97,100,6.31,GL,2022-07-14 01:43:57
234,Mogadishu,2.0371,45.3438,75.94,89,95,16.91,SO,2022-07-14 01:43:58
235,East London,-33.0153,27.9116,57.31,65,0,8.28,ZA,2022-07-14 01:43:58
236,Dicabisagan,17.0818,122.4157,89.4,65,87,9.22,PH,2022-07-14 01:43:58
237,Arraial Do Cabo,-22.9661,-42.0278,71.56,88,40,6.91,BR,2022-07-14 01:43:59
238,Viedma,-40.8135,-62.9967,44.47,74,100,8.9,AR,2022-07-14 01:43:59
239,Muros,42.7762,-9.0603,76.84,74,37,9.62,ES,2022-07-14 01:43:59
240,Pisco,-13.7,-76.2167,59.05,88,0,16.11,PE,2022-07-14 01:43:59
241,Shahgarh,24.3167,79.1333,86.41,62,1,9.95,IN,2022-07-14 01:44:00
242,Mataram,-8.5833,116.1167,81.41,66,44,7.25,ID,2022-07-14 01:44:00
243,La Plata,-34.9215,-57.9545,53.02,78,22,11.23,AR,2022-07-14 01:43:05
244,Georgetown,5.4112,100.3354,82.89,91,20,2.3,MY,2022-07-14 01:44:01
245,Flin Flon,54.7682,-101.865,76.87,52,100,13.44,CA,2022-07-14 01:44:04
246,Arica,-18.475,-70.3042,61.03,72,100,5.75,CL,2022-07-14 01:44:04
247,Port Blair,11.6667,92.75,80.64,89,100,9.22,IN,2022-07-14 01:40:36
248,Abu Kamal,34.4506,40.9171,82.54,37,1,15.95,SY,2022-07-14 01:44:04
249,Kangaba,11.9333,-8.4167,77.65,73,61,4.41,ML,2022-07-14 01:44:05
250,Henties Bay,-22.116,14.2845,55.22,90,0,9.84,NA,2022-07-14 01:44:05
251,Lavrentiya,65.5833,-171.0,52.95,67,28,8.21,RU,2022-07-14 01:44:05
252,Sao Felix Do Xingu,-6.6447,-51.995,76.82,52,78,1.01,BR,2022-07-14 01:44:08
253,Salalah,17.0151,54.0924,77.09,100,100,8.05,OM,2022-07-14 01:44:08
254,Waipawa,-41.4122,175.5153,47.37,80,100,5.39,NZ,2022-07-14 01:44:09
255,Kavieng,-2.5744,150.7967,83.61,72,100,5.19,PG,2022-07-14 01:44:09
256,Praia Da Vitoria,38.7333,-27.0667,71.76,94,75,11.65,PT,2022-07-14 01:44:11
257,Bathsheba,13.2167,-59.5167,81.21,86,20,13.8,BB,2022-07-14 01:44:12
258,Kahului,20.8947,-156.47,87.82,69,40,25.32,US,2022-07-14 01:44:12
259,Fayaoue,-20.65,166.5333,75.47,74,98,13.82,NC,2022-07-14 01:44:12
260,Novikovo,51.1537,37.8879,58.17,82,96,7.23,RU,2022-07-14 01:44:13
261,Nioro,13.35,-15.75,78.19,85,100,6.13,GM,2022-07-14 01:44:13
262,Jacareacanga,-6.2222,-57.7528,75.51,58,39,2.48,BR,2022-07-14 01:44:13
263,Conakry,9.538,-13.6773,78.76,82,100,6.76,GN,2022-07-14 01:44:14
264,Husavik,66.0449,-17.3389,47.73,71,100,7.54,IS,2022-07-14 01:44:14
265,Taguatinga,-12.3857,-46.5711,80.24,35,51,10.94,BR,2022-07-14 01:44:14
266,Kenai,60.5544,-151.2583,65.03,76,100,16.11,US,2022-07-14 01:44:15
267,Alyangula,-13.8483,136.4192,73.36,57,63,18.14,AU,2022-07-14 01:44:15
268,Cabo Rojo,18.0866,-67.1457,81.03,89,100,8.68,PR,2022-07-14 01:44:15
269,Tete,-16.1564,33.5867,69.89,64,75,3.44,MZ,2022-07-14 01:44:16
270,Baft,29.234,56.6057,66.29,17,0,6.98,IR,2022-07-14 01:44:16
271,Ribeira Grande,38.5167,-28.7,69.71,94,100,12.39,PT,2022-07-14 01:41:53
272,Shagonar,51.5333,92.8,56.32,79,99,3.2,RU,2022-07-14 01:44:16
273,Vitim,59.4511,112.5578,70.16,55,9,5.41,RU,2022-07-14 01:44:17
274,Araouane,18.9048,-3.5265,93.58,33,42,12.88,ML,2022-07-14 01:44:17
275,Westport,41.1415,-73.3579,79.02,77,0,5.75,US,2022-07-14 01:44:17
276,Coihaique,-45.5752,-72.0662,30.15,93,0,0.0,CL,2022-07-14 01:41:52
277,Bismarck,46.8083,-100.7837,80.44,57,0,12.66,US,2022-07-14 01:41:11
278,Coroico,-16.1889,-67.7271,60.08,97,96,0.78,BO,2022-07-14 01:44:18
279,Mastic Beach,40.7668,-72.8521,77.54,82,0,8.99,US,2022-07-14 01:45:18
280,Cururupu,-1.8283,-44.8683,74.95,93,77,3.65,BR,2022-07-14 01:45:19
281,Leh,34.1667,77.5833,59.25,58,80,6.53,IN,2022-07-14 01:42:26
282,Caravelas,-17.7125,-39.2481,70.16,91,7,4.34,BR,2022-07-14 01:45:19
283,Straumen,63.8709,11.2999,51.8,90,100,12.24,NO,2022-07-14 01:45:19
284,Luderitz,-26.6481,15.1594,55.18,55,0,13.98,NA,2022-07-14 01:45:20
285,Ahuimanu,21.4447,-157.8378,83.91,79,100,21.85,US,2022-07-14 01:45:20
286,Abalak,58.1286,68.5944,68.02,88,87,2.15,RU,2022-07-14 01:45:20
287,Ambulu,-8.345,113.6058,80.96,72,24,4.47,ID,2022-07-14 01:45:21
288,Baykit,61.67,96.37,55.02,88,100,2.06,RU,2022-07-14 01:45:21
289,Katangli,51.7102,143.2326,57.79,83,85,14.58,RU,2022-07-14 01:41:57
290,Xiaoshi,41.2971,124.1209,77.86,62,51,6.73,CN,2022-07-14 01:45:21
291,Saint George,37.1041,-113.5841,91.78,29,67,6.4,US,2022-07-14 01:45:22
292,Porto Novo,6.4965,2.6036,76.82,89,98,6.53,BJ,2022-07-14 01:45:22
293,Maningrida,-12.0667,134.2667,77.25,36,49,14.63,AU,2022-07-14 01:45:22
294,Hasaki,35.7333,140.8333,75.6,82,91,12.84,JP,2022-07-14 01:45:23
295,Kutahya,39.4242,29.9833,52.95,86,11,3.4,TR,2022-07-14 01:45:23
296,Guerrero Negro,27.9769,-114.0611,66.96,79,0,20.65,MX,2022-07-14 01:44:27
297,Hambantota,6.1241,81.1185,80.94,89,20,9.22,LK,2022-07-14 01:45:23
298,Fereydun Kenar,36.6864,52.5225,77.22,94,0,0.0,IR,2022-07-14 01:45:24
299,Marion,39.7684,-86.1555,75.4,85,75,3.44,US,2022-07-14 01:45:24
300,La Libertad,-2.2333,-80.9,67.66,88,100,10.36,EC,2022-07-14 01:45:24
301,Luanda,-8.8368,13.2343,68.0,94,40,3.44,AO,2022-07-14 01:45:25
302,Beloha,-25.1667,45.05,60.15,65,0,7.05,MG,2022-07-14 01:45:25
303,Nanortalik,60.1432,-45.2371,45.75,75,100,4.5,GL,2022-07-14 01:45:25
304,Mana,5.6592,-53.7767,76.15,88,100,3.0,GF,2022-07-14 01:44:40
305,Carolina,18.3808,-65.9574,80.49,87,20,8.05,PR,2022-07-14 01:45:26
306,Huangnihe,43.5583,128.0239,68.16,90,88,8.12,CN,2022-07-14 01:45:26
307,Esperance,-33.8667,121.9,63.28,44,42,22.08,AU,2022-07-14 01:45:27
308,Isla Mujeres,21.2311,-86.731,84.16,84,21,12.46,MX,2022-07-14 01:45:27
309,Saint Pete Beach,27.7253,-82.7412,88.0,69,0,5.75,US,2022-07-14 01:45:27
310,Athabasca,54.7169,-113.2854,68.41,77,52,4.34,CA,2022-07-14 01:45:27
311,Kilindoni,-7.9139,39.6668,76.19,80,99,15.7,TZ,2022-07-14 01:45:28
312,Cap Malheureux,-19.9842,57.6142,65.46,88,99,7.0,MU,2022-07-14 01:45:28
313,Dingle,10.9995,122.6711,85.28,74,81,5.35,PH,2022-07-14 01:45:28
314,Berdigestyakh,62.0989,126.6992,62.69,99,100,4.25,RU,2022-07-14 01:45:29
315,Prince George,53.9166,-122.753,68.25,45,75,5.75,CA,2022-07-14 01:42:17
316,Boshnyakovo,49.6333,142.1667,68.49,75,80,4.97,RU,2022-07-14 01:45:29
317,Klichka,50.4457,117.996,60.96,90,100,6.87,RU,2022-07-14 01:45:30
318,Tahe,52.3333,124.7333,72.84,78,100,5.06,CN,2022-07-14 01:45:30
319,Port Lincoln,-34.7333,135.8667,57.27,62,1,6.62,AU,2022-07-14 01:45:30
320,Mandalgovi,45.7625,106.2708,72.88,31,99,14.97,MN,2022-07-14 01:41:53
321,Hamilton,39.1834,-84.5333,79.65,67,20,6.91,US,2022-07-14 01:43:49
322,San Matias,-16.3667,-58.4,75.83,43,6,6.85,BO,2022-07-14 01:45:31
323,Ahipara,-35.1667,173.1667,55.81,96,100,11.63,NZ,2022-07-14 01:45:31
324,Umred,20.85,79.3333,79.09,93,100,10.8,IN,2022-07-14 01:45:31
325,Pierre,44.3683,-100.351,84.85,56,0,14.97,US,2022-07-14 01:45:32
326,Lagos,6.5833,3.75,74.39,93,100,4.29,NG,2022-07-14 01:43:10
327,Pilar,-9.5972,-35.9567,69.73,93,18,1.99,BR,2022-07-14 01:46:32
328,Pandan,14.0453,124.1694,87.93,66,71,5.21,PH,2022-07-14 01:46:32
329,Padang,-0.9492,100.3543,82.45,71,68,1.63,ID,2022-07-14 01:46:33
330,Baruun-Urt,46.6806,113.2792,74.82,38,14,9.62,MN,2022-07-14 01:46:33
331,Wajid,3.8093,43.2471,72.01,81,100,18.32,SO,2022-07-14 01:46:33
332,Sitka,57.0531,-135.33,57.09,82,100,0.0,US,2022-07-14 01:45:52
333,Baghdad,33.3406,44.4009,87.71,22,0,13.8,IQ,2022-07-14 01:42:43
334,Vardo,70.3705,31.1107,51.78,100,100,8.05,NO,2022-07-14 01:46:34
335,Hami,42.8,93.45,83.73,23,47,8.59,CN,2022-07-14 01:46:34
336,Nhamunda,-2.1861,-56.7131,74.41,93,52,3.76,BR,2022-07-14 01:46:35
337,Itoman,26.1247,127.6694,87.82,84,75,5.75,JP,2022-07-14 01:46:35
338,Borogontsy,62.6683,131.1683,77.29,56,93,5.19,RU,2022-07-14 01:46:35
339,Nizhniy Baskunchak,48.2198,46.8311,76.51,54,88,7.18,RU,2022-07-14 01:46:36
340,Nouadhibou,20.931,-17.0347,69.78,88,27,19.57,MR,2022-07-14 01:46:36
341,Moranbah,-22.0016,148.0466,59.13,38,0,15.57,AU,2022-07-14 01:46:36
342,Ituango,7.1712,-75.764,62.67,99,100,1.32,CO,2022-07-14 01:46:37
343,Walvis Bay,-22.9575,14.5053,54.09,93,0,4.61,NA,2022-07-14 01:46:37
344,Menongue,-14.6585,17.691,47.71,58,3,4.36,AO,2022-07-14 01:46:37
345,Havelock,34.8791,-76.9013,84.18,91,100,1.01,US,2022-07-14 01:43:52
346,Takoradi,4.8845,-1.7554,74.91,85,100,10.31,GH,2022-07-14 01:46:38
347,Karangasem,-8.45,115.6167,78.01,77,82,7.2,ID,2022-07-14 01:46:38
348,Ambon,-3.6954,128.1814,77.14,94,75,2.3,ID,2022-07-14 01:46:39
349,Korla,41.7597,86.1469,81.0,21,100,7.18,CN,2022-07-14 01:46:39
350,General Roca,-39.0333,-67.5833,41.63,91,100,14.27,AR,2022-07-14 01:46:39
351,Tocopilla,-22.092,-70.1979,58.17,73,98,2.13,CL,2022-07-14 01:46:39
352,Milkovo,54.7167,158.6167,86.22,44,19,3.78,RU,2022-07-14 01:46:40
353,Melfi,40.9965,15.6514,59.94,47,0,5.14,IT,2022-07-14 01:46:40
354,Tiksi,71.6872,128.8694,41.04,89,93,8.08,RU,2022-07-14 01:46:40
355,Centenario Do Sul,-22.8211,-51.5953,64.38,78,98,13.06,BR,2022-07-14 01:46:41
356,Eyl,7.9803,49.8164,80.28,63,99,26.24,SO,2022-07-14 01:46:41
357,Narsaq,60.9167,-46.05,50.22,65,100,5.84,GL,2022-07-14 01:46:41
358,Dhidhdhoo,6.8833,73.1,82.26,76,100,18.37,MV,2022-07-14 01:46:42
359,Lagoa,39.05,-27.9833,68.31,94,99,12.57,PT,2022-07-14 01:46:42
360,Richards Bay,-28.783,32.0377,60.64,39,0,3.87,ZA,2022-07-14 01:46:42
361,Sao Paulo De Olivenca,-3.3783,-68.8725,74.03,93,72,0.31,BR,2022-07-14 01:46:43
362,Labuhan,-6.8844,112.2051,78.55,85,100,7.09,ID,2022-07-14 01:46:43
363,Zyryanka,65.75,150.85,67.17,62,87,17.96,RU,2022-07-14 01:46:43
364,Portland,45.5234,-122.6762,81.18,47,20,8.05,US,2022-07-14 01:46:35
365,Dabwali,29.95,74.7333,88.93,62,52,4.23,IN,2022-07-14 01:46:44
366,Mbandaka,0.0487,18.2603,72.37,77,71,2.57,CD,2022-07-14 01:46:44
367,Amurzet,47.6967,131.0981,74.14,83,100,11.39,RU,2022-07-14 01:46:44
368,Awjilah,29.1081,21.2869,76.91,46,0,13.06,LY,2022-07-14 01:46:45
369,Saint-Joseph,-21.3667,55.6167,64.78,77,31,12.01,RE,2022-07-14 01:46:45
370,Saurimo,-9.6608,20.3916,56.25,47,0,5.46,AO,2022-07-14 01:46:45
371,Juneau,58.3019,-134.4197,59.22,91,100,10.36,US,2022-07-14 01:45:05
372,Katsuura,35.1333,140.3,76.8,87,100,14.36,JP,2022-07-14 01:47:46
373,Noumea,-22.2763,166.4572,73.0,99,100,18.54,NC,2022-07-14 01:47:46
374,Saint-Louis,16.3333,-15.0,79.16,61,5,12.53,SN,2022-07-14 01:47:46
375,Zatoka,46.0725,30.4654,65.23,59,0,17.25,UA,2022-07-14 01:47:47
376,Buique,-8.6231,-37.1558,60.42,98,34,3.94,BR,2022-07-14 01:47:47
377,Vostok,46.4856,135.8833,71.92,70,95,6.8,RU,2022-07-14 01:47:47
378,Sao Mateus Do Sul,-25.8742,-50.3828,53.06,95,99,3.89,BR,2022-07-14 01:47:48
379,Balikpapan,-1.2675,116.8289,72.59,100,40,9.22,ID,2022-07-14 01:47:48
380,Hovd,48.0056,91.6419,59.18,57,1,4.88,MN,2022-07-14 01:47:48
381,Geraldton,-28.7667,114.6,63.01,94,100,14.97,AU,2022-07-14 01:47:49
382,Huilong,31.8111,121.655,90.73,65,100,7.47,CN,2022-07-14 01:47:49
383,Tucuma,-0.1833,-50.05,76.19,92,98,5.86,BR,2022-07-14 01:47:49
384,Moyale,3.5167,39.0584,65.17,77,60,9.17,KE,2022-07-14 01:47:50
385,Sultanpur,26.2667,82.0667,93.78,44,0,17.94,IN,2022-07-14 01:47:50
386,Mehamn,71.0357,27.8492,55.35,94,100,2.3,NO,2022-07-14 01:47:50
387,Pihuamo,19.2499,-103.3828,75.09,94,100,0.04,MX,2022-07-14 01:47:51
388,Jacqueville,5.2052,-4.4146,76.39,83,100,10.83,CI,2022-07-14 01:47:51
389,Balabac,7.9868,117.0645,82.42,80,100,18.99,PH,2022-07-14 01:47:51
390,Morehead,37.2711,-87.1764,75.85,81,0,0.0,US,2022-07-14 01:47:51
391,Nuuk,64.1835,-51.7216,52.41,66,7,9.22,GL,2022-07-14 01:47:52
392,Chumikan,54.7183,135.315,54.32,99,100,6.2,RU,2022-07-14 01:47:52
393,Constitucion,-35.3333,-72.4167,41.11,94,100,7.78,CL,2022-07-14 01:43:13
394,Parrita,9.5201,-84.3225,76.17,91,100,4.43,CR,2022-07-14 01:47:53
395,Virginia Beach,36.8529,-75.978,77.02,90,100,5.75,US,2022-07-14 01:43:12
396,Conceicao Do Araguaia,-8.2578,-49.2647,74.21,46,5,1.59,BR,2022-07-14 01:47:53
397,Korneuburg,48.35,16.3333,72.09,60,74,4.0,AT,2022-07-14 01:47:53
398,Valera,9.3178,-70.6036,71.35,80,19,6.04,VE,2022-07-14 01:47:54
399,Muhammadabad,25.6333,83.75,92.44,46,86,16.24,IN,2022-07-14 01:47:54
400,Hithadhoo,-0.6,73.0833,83.17,73,20,13.38,MV,2022-07-14 01:43:08
401,Illapel,-31.6308,-71.1653,53.1,77,100,5.79,CL,2022-07-14 01:47:54
402,Sur,22.5667,59.5289,89.71,62,100,5.55,OM,2022-07-14 01:47:55
403,Oneida,43.2001,-75.4663,66.74,92,75,4.61,US,2022-07-14 01:47:55
404,Naze,28.3667,129.4833,85.12,74,98,10.27,JP,2022-07-14 01:47:55
405,Vila Franca Do Campo,37.7167,-25.4333,68.2,87,100,10.38,PT,2022-07-14 01:47:56
406,Comodoro Rivadavia,-45.8667,-67.5,31.86,80,0,4.61,AR,2022-07-14 01:47:56
407,Port Augusta,-32.5,137.7667,56.88,49,0,1.61,AU,2022-07-14 01:46:46
408,Quang Ngai,15.1167,108.8,86.07,70,92,2.42,VN,2022-07-14 01:47:55
409,Galle,6.0367,80.217,79.39,83,16,14.65,LK,2022-07-14 01:47:57
410,Karratha,-20.7377,116.8463,71.87,37,90,16.89,AU,2022-07-14 01:44:16
411,Adrar,20.5022,-10.0711,96.8,21,92,8.37,MR,2022-07-14 01:47:57
412,Caconda,-13.7333,15.0667,50.4,48,0,4.16,AO,2022-07-14 01:47:57
413,Kostomuksha,64.571,30.5767,56.53,86,8,6.44,RU,2022-07-14 01:47:58
414,Antofagasta,-23.65,-70.4,58.28,76,87,1.88,CL,2022-07-14 01:47:58
415,Maniwaki,46.3834,-75.966,61.18,82,100,1.14,CA,2022-07-14 01:45:03
416,Esso,55.9333,158.7,81.86,29,50,10.45,RU,2022-07-14 01:47:58
417,Yei,4.095,30.6779,64.85,97,85,2.89,SS,2022-07-14 01:48:59
418,Matay,28.419,30.7792,71.69,64,2,11.99,EG,2022-07-14 01:48:59
419,Trincomalee,8.5711,81.2335,81.46,72,100,24.72,LK,2022-07-14 01:45:53
420,Batagay-Alyta,67.8006,130.4114,67.59,52,14,7.9,RU,2022-07-14 01:49:00
421,Gigmoto,13.7796,124.39,86.99,68,34,8.34,PH,2022-07-14 01:49:00
422,San Felipe,10.3399,-68.7425,71.67,97,93,3.36,VE,2022-07-14 01:49:00
423,Lorengau,-2.0226,147.2712,85.59,67,61,7.43,PG,2022-07-14 01:49:01
424,Laredo,27.5064,-99.5075,97.09,44,0,23.02,US,2022-07-14 01:49:01
425,Verkhnyaya Inta,65.9811,60.3094,69.93,75,72,1.83,RU,2022-07-14 01:49:01
426,Saint Marys,30.7305,-81.5465,88.05,86,40,8.05,US,2022-07-14 01:49:02
427,Weiden,49.6775,12.1567,67.15,71,96,1.41,DE,2022-07-14 01:49:02
428,Sarankhola,22.3082,89.7897,84.99,78,64,15.48,BD,2022-07-14 01:49:02
429,Agfalva,47.6899,16.5166,65.19,44,95,3.91,HU,2022-07-14 01:49:03
430,Angoche,-16.2325,39.9086,70.83,72,0,7.94,MZ,2022-07-14 01:49:03
431,Shamgarh,24.1833,75.6333,82.29,74,100,4.92,IN,2022-07-14 01:49:03
432,Filadelfia,39.9523,-75.1638,82.87,68,0,6.91,US,2022-07-14 01:47:15
433,Lumsden,50.6501,-104.8678,81.55,51,68,19.95,CA,2022-07-14 01:49:04
434,Bandarbeyla,9.4942,50.8122,79.29,66,100,26.33,SO,2022-07-14 01:49:04
435,Jijiang,29.2906,106.2542,90.88,59,65,4.92,CN,2022-07-14 01:49:04
436,Haines Junction,60.7522,-137.5108,60.75,59,43,3.44,CA,2022-07-14 01:49:05
437,Madison Heights,42.4859,-83.1052,71.87,78,75,5.75,US,2022-07-14 01:49:05
438,Torbay,47.6666,-52.7314,66.97,88,100,17.27,CA,2022-07-14 01:49:05
439,Asti,44.8979,8.2068,78.57,64,19,1.7,IT,2022-07-14 01:49:06
440,Nabire,-3.3667,135.4833,83.01,73,100,2.53,ID,2022-07-14 01:49:06
441,Orapa,-21.2833,25.3667,51.64,51,3,6.38,BW,2022-07-14 01:49:06
442,Mahibadhoo,3.7833,72.9667,81.88,77,78,12.5,MV,2022-07-14 01:49:06
443,Meulaboh,4.1363,96.1285,80.17,81,18,6.11,ID,2022-07-14 01:49:07
444,Souillac,-20.5167,57.5167,68.38,83,75,12.66,MU,2022-07-14 01:49:07
445,Myrtle Beach,33.6891,-78.8867,79.03,87,40,0.0,US,2022-07-14 01:46:07
446,Monrovia,6.3005,-10.7969,75.99,85,89,9.44,LR,2022-07-14 01:45:14
447,Mlonggo,-6.5333,110.7,81.41,75,100,5.5,ID,2022-07-14 01:49:08
448,Roswell,34.0232,-84.3616,78.58,91,20,0.0,US,2022-07-14 01:49:08
449,Nalut,30.3333,10.85,76.06,32,0,14.79,LY,2022-07-14 01:49:08
450,Luena,-11.7833,19.9167,50.27,58,0,4.61,AO,2022-07-14 01:49:09
451,Rehoboth,-23.3167,17.0833,49.08,44,0,3.58,NA,2022-07-14 01:49:09
452,Niquero,20.0431,-77.5828,79.83,83,6,5.84,CU,2022-07-14 01:49:10
453,Trelew,-43.249,-65.3051,42.21,53,100,3.91,AR,2022-07-14 01:45:26
454,Daru,-9.0763,143.2092,78.15,72,96,17.45,PG,2022-07-14 01:49:10
455,Dukat,62.55,155.55,71.58,62,22,18.86,RU,2022-07-14 01:49:10
456,Okakarara,-20.5833,17.4333,48.34,49,0,3.18,NA,2022-07-14 01:49:11
457,Viljoenskroon,-27.2084,26.9485,45.68,52,0,0.29,ZA,2022-07-14 01:49:11
458,Chapada Dos Guimaraes,-15.4606,-55.7497,65.86,39,85,5.82,BR,2022-07-14 01:49:11
459,Alofi,-19.0595,-169.9187,82.29,61,75,16.11,NU,2022-07-14 01:49:12
460,Fallon,39.4735,-118.7774,98.47,11,20,19.57,US,2022-07-14 01:49:12
461,Ostrow Wielkopolski,51.655,17.8069,63.25,62,100,7.56,PL,2022-07-14 01:49:12
462,Igurubi,-4.0,33.7,61.72,55,87,8.19,TZ,2022-07-14 01:50:13
463,Trairi,-3.2778,-39.2689,77.41,82,8,9.57,BR,2022-07-14 01:50:13
464,Banjar,-8.19,114.9675,83.82,68,66,1.01,ID,2022-07-14 01:50:13
465,Baturaja,-4.1333,104.1667,79.72,85,88,2.84,ID,2022-07-14 01:50:14
466,Ishigaki,24.3448,124.1572,87.93,84,75,14.97,JP,2022-07-14 01:50:14
467,Ostersund,63.1792,14.6357,48.65,87,75,50.0,SE,2022-07-14 01:50:14
468,Shirpur,21.35,74.8833,76.1,92,100,7.54,IN,2022-07-14 01:50:15
469,Kiunga,-6.1219,141.2906,77.18,86,95,5.48,PG,2022-07-14 01:50:15
470,Bagnes,46.0833,7.2167,66.51,49,0,2.3,CH,2022-07-14 01:50:15
471,Faya,18.3851,42.4509,64.92,62,74,4.65,SA,2022-07-14 01:50:16
472,Chengde,40.9725,117.9361,82.29,43,56,5.66,CN,2022-07-14 01:50:16
473,Kulhudhuffushi,6.6221,73.07,82.47,77,100,17.02,MV,2022-07-14 01:50:16
474,Lakes Entrance,-37.8811,147.981,53.17,76,100,9.8,AU,2022-07-14 01:50:17
475,Sungaipenuh,-2.0833,101.3833,73.13,78,97,0.54,ID,2022-07-14 01:50:17
476,Guanare,9.0418,-69.7421,80.62,78,48,1.14,VE,2022-07-14 01:50:17
477,Goderich,43.7501,-81.7165,63.91,88,3,4.61,CA,2022-07-14 01:50:18
478,Necochea,-38.5473,-58.7368,47.53,60,100,7.85,AR,2022-07-14 01:50:18
479,Saint-Augustin,51.226,-58.6502,52.47,72,100,12.93,CA,2022-07-14 01:50:18
480,Labuan,5.2767,115.2417,77.36,88,20,3.44,MY,2022-07-14 01:50:19
481,San Patricio,28.017,-97.5169,88.18,64,6,14.56,US,2022-07-14 01:50:19
482,Kutum,14.2,24.6667,73.09,71,100,13.69,SD,2022-07-14 01:50:19
483,Broken Hill,-31.95,141.4333,51.35,53,0,8.41,AU,2022-07-14 01:50:20
484,Tutoia,-2.7619,-42.2744,77.63,90,14,11.27,BR,2022-07-14 01:50:20
485,Sorland,67.667,12.6934,51.66,86,100,8.41,NO,2022-07-14 01:50:20
486,Yerbogachen,61.2767,108.0108,62.24,47,100,4.65,RU,2022-07-14 01:50:21
487,Ilembula,-8.9,34.5833,53.44,74,9,7.18,TZ,2022-07-14 01:50:21
488,Mizdah,31.4451,12.9801,66.67,68,0,7.25,LY,2022-07-14 01:50:21
489,Laguna,38.421,-121.4238,95.31,32,0,11.5,US,2022-07-14 01:48:46
490,Innisfail,-17.5333,146.0333,65.16,47,6,11.68,AU,2022-07-14 01:50:22
491,Rodrigues Alves,-7.738,-72.6509,78.17,72,96,1.25,BR,2022-07-14 01:50:22
492,Estreito,-5.7833,-43.25,78.8,52,48,7.2,BR,2022-07-14 01:50:22
493,Hearst,49.6835,-83.6665,61.05,68,12,3.78,CA,2022-07-14 01:50:23
494,Half Moon Bay,37.4636,-122.4286,79.54,79,100,21.85,US,2022-07-14 01:50:23
495,Dinguiraye,11.3,-10.7167,71.78,92,92,3.6,GN,2022-07-14 01:50:23
496,Hay River,60.8156,-115.7999,66.18,52,75,4.61,CA,2022-07-14 01:50:24
497,Ingham,42.6,-84.3833,71.22,77,40,0.0,US,2022-07-14 01:50:24
498,Port Hardy,50.6996,-127.4199,60.98,77,75,9.22,CA,2022-07-14 01:50:24
499,Ochamchira,42.7121,41.4721,70.77,86,100,5.48,GE,2022-07-14 01:50:25
500,Bubaque,11.2833,-15.8333,80.69,81,100,9.64,GW,2022-07-14 01:50:25
501,Teya,60.3778,92.6267,59.85,49,68,3.24,RU,2022-07-14 01:50:25
502,Mackay,-21.15,149.2,63.68,45,0,13.85,AU,2022-07-14 01:50:26
503,Dryden,49.7833,-92.7503,73.69,43,0,3.44,CA,2022-07-14 01:50:26
504,Lima,-12.0432,-77.0282,59.25,83,40,13.8,PE,2022-07-14 01:49:06
505,The Valley,18.217,-63.0578,82.26,74,100,20.8,AI,2022-07-14 01:50:26
506,Altay,47.8667,88.1167,64.04,53,82,5.46,CN,2022-07-14 01:48:01
507,Beringovskiy,63.05,179.3167,49.98,87,100,6.24,RU,2022-07-14 01:50:27
508,George Town,5.4112,100.3354,83.89,91,20,2.3,MY,2022-07-14 01:49:51
509,Usinsk,65.9939,57.5281,72.95,62,18,4.32,RU,2022-07-14 01:50:27
510,Nea Fokaia,40.1333,23.4,72.36,50,0,7.47,GR,2022-07-14 01:51:27
511,Tigil,57.8,158.6667,78.22,42,16,14.07,RU,2022-07-14 01:51:28
512,Paamiut,61.994,-49.6678,41.23,87,100,8.5,GL,2022-07-14 01:51:28
513,Saint-Leu,-21.15,55.2833,65.26,65,39,2.24,RE,2022-07-14 01:51:28
514,Ballina,-28.8667,153.5667,62.78,64,97,18.77,AU,2022-07-14 01:51:29
515,Canico,32.6333,-16.85,68.72,83,20,2.3,PT,2022-07-14 01:51:29
516,Karoi,-16.8099,29.6925,50.72,65,18,3.51,ZW,2022-07-14 01:51:29
517,Ordu,40.9086,37.6845,55.0,85,91,2.84,TR,2022-07-14 01:51:30
518,Talcahuano,-36.7167,-73.1167,42.48,87,75,3.44,CL,2022-07-14 01:50:12
519,San Cristobal,7.7669,-72.225,73.58,89,80,2.62,VE,2022-07-14 01:51:30
520,Kilakarai,9.2333,78.7833,83.1,63,100,20.42,IN,2022-07-14 01:51:31
521,Tikrit,34.6071,43.6782,88.43,20,0,15.75,IQ,2022-07-14 01:51:31
522,Victor Harbor,-35.5667,138.6167,57.99,70,66,4.47,AU,2022-07-14 01:51:31
523,Plover,44.4564,-89.544,70.79,75,0,1.01,US,2022-07-14 01:51:32
524,Sena Madureira,-9.0656,-68.6569,79.41,70,100,1.14,BR,2022-07-14 01:51:32
525,Tilichiki,60.4667,166.1,70.93,63,31,6.93,RU,2022-07-14 01:51:32
526,Quatre Cocos,-20.2078,57.7625,68.11,70,97,16.02,MU,2022-07-14 01:51:33
527,Petropavlovsk-Kamchatskiy,53.0452,158.6483,68.59,73,20,13.42,RU,2022-07-14 01:51:33
528,Nassjo,57.6531,14.6968,52.72,76,58,11.63,SE,2022-07-14 01:51:33
529,Vila,42.0304,-8.1588,81.48,34,63,4.79,PT,2022-07-14 01:51:34
530,Alice Springs,-23.7,133.8833,54.95,47,0,14.97,AU,2022-07-14 01:48:14
531,Porosozero,62.7191,32.727,55.74,79,42,4.56,RU,2022-07-14 01:51:34
532,Biltine,14.5333,20.9167,76.06,75,100,12.97,TD,2022-07-14 01:51:34
533,Margate,51.3813,1.3862,64.31,89,100,1.01,GB,2022-07-14 01:51:35
534,Ust-Tsilma,65.441,52.1498,73.33,57,55,3.6,RU,2022-07-14 01:51:36
535,Tiznit,29.5833,-9.5,76.66,43,0,1.74,MA,2022-07-14 01:51:36
536,Stara Vyzhivka,51.4376,24.44,56.5,95,12,7.92,UA,2022-07-14 01:51:36
537,Solotcha,54.7917,39.8442,56.68,85,93,4.29,RU,2022-07-14 01:51:36
538,Mayo,38.8876,-76.5119,83.08,79,0,8.05,US,2022-07-14 01:51:37
539,Honiara,-9.4333,159.95,87.35,57,60,6.22,SB,2022-07-14 01:51:37
540,Penzance,50.1186,-5.5371,61.11,79,93,15.84,GB,2022-07-14 01:51:37
541,Kysyl-Syr,63.8986,122.7617,78.19,55,81,2.13,RU,2022-07-14 01:51:38
542,Nhulunbuy,-12.2333,136.7667,79.41,53,40,21.85,AU,2022-07-14 01:51:38
543,Huarmey,-10.0681,-78.1522,61.75,84,93,11.16,PE,2022-07-14 01:51:38
544,Aracati,-4.5617,-37.7697,77.14,77,7,11.65,BR,2022-07-14 01:51:39
545,Gorin,51.1983,136.6669,70.0,87,99,4.54,RU,2022-07-14 01:51:39
546,Creston,41.0586,-94.3614,78.33,69,0,6.91,US,2022-07-14 01:46:54
547,Oni,42.5794,43.4425,60.71,88,24,1.48,GE,2022-07-14 01:51:39
548,Alappuzha,9.49,76.3264,79.0,84,100,15.75,IN,2022-07-14 01:51:40
549,Caraz,-9.0486,-77.81,60.98,63,57,1.74,PE,2022-07-14 01:51:40
550,Jorhat,26.75,94.2167,85.8,81,4,4.74,IN,2022-07-14 01:51:40
551,Bartica,6.4,-58.6167,79.12,99,86,1.39,GY,2022-07-14 01:51:41
552,Balkhash,46.844,74.9804,70.41,35,0,13.42,KZ,2022-07-14 01:51:41
553,Beidao,34.5686,105.8933,73.04,93,100,1.3,CN,2022-07-14 01:52:41
554,Alexandria,31.2156,29.9553,78.76,61,40,16.11,EG,2022-07-14 01:52:17
555,Francistown,-21.17,27.5079,53.22,53,0,7.11,BW,2022-07-14 01:52:42
556,Yakovlevka,44.425,133.4772,69.01,92,100,5.55,RU,2022-07-14 01:52:42
557,Howard Springs,-12.497,131.047,73.81,40,41,11.79,AU,2022-07-14 01:52:42
558,Tono,39.3167,141.5333,72.43,70,97,4.36,JP,2022-07-14 01:52:43
559,Sept-Iles,50.2001,-66.3821,64.4,68,20,4.61,CA,2022-07-14 01:52:43
560,Ous,60.9058,61.5186,74.41,59,1,3.78,RU,2022-07-14 01:52:43
561,Kirkwall,58.9848,-2.9587,50.97,87,100,11.5,GB,2022-07-14 01:52:44
562,Muroto,33.2833,134.15,76.37,81,100,10.78,JP,2022-07-14 01:52:44
563,Marystown,47.1666,-55.1483,60.85,100,100,1.99,CA,2022-07-14 01:49:03
