,City,Lat,Lng,Max Temp,Humidity,Cloudiness,Wind Speed,Country,Date,Current Description
0,Port Hedland,-20.3167,118.5667,59.05,67,0,6.91,AU,2022-07-17 14:35:16,clear sky
1,Saldanha,-33.0117,17.9442,68.05,81,0,10.02,ZA,2022-07-17 14:35:17,clear sky
2,Busselton,-33.65,115.3333,53.19,92,100,14.72,AU,2022-07-17 14:35:17,light rain
3,Cape Town,-33.9258,18.4232,64.11,79,0,14.97,ZA,2022-07-17 14:34:28,clear sky
4,Boa Vista,2.8197,-60.6733,87.78,66,20,9.22,BR,2022-07-17 14:35:17,few clouds
5,Kalmunai,7.4167,81.8167,81.12,84,100,7.87,LK,2022-07-17 14:35:18,overcast clouds
6,Prince Rupert,54.3161,-130.3201,53.29,96,100,3.44,CA,2022-07-17 14:33:00,overcast clouds
7,Forestville,38.8451,-76.875,81.05,84,75,3.44,US,2022-07-17 14:35:18,broken clouds
8,Rikitea,-23.1203,-134.9692,73.62,78,100,16.35,PF,2022-07-17 14:33:22,light rain
9,Albany,42.6001,-73.9662,83.43,64,43,2.01,US,2022-07-17 14:31:35,scattered clouds
10,Barrow,71.2906,-156.7887,35.62,87,100,16.11,US,2022-07-17 14:35:19,overcast clouds
11,Turayf,31.6725,38.6637,102.45,16,0,6.91,SA,2022-07-17 14:35:19,clear sky
12,Mataura,-46.1927,168.8643,51.48,75,80,7.83,NZ,2022-07-17 14:35:19,broken clouds
13,Punta Arenas,-53.15,-70.9167,28.51,86,0,14.97,CL,2022-07-17 14:35:20,clear sky
14,Kavieng,-2.5744,150.7967,82.6,77,77,15.77,PG,2022-07-17 14:35:20,light rain
15,Ararangua,-28.9347,-49.4858,63.61,51,81,5.23,BR,2022-07-17 14:35:20,broken clouds
16,Puerto Ayora,-0.7393,-90.3518,69.76,91,63,8.01,EC,2022-07-17 14:35:21,broken clouds
17,Beringovskiy,63.05,179.3167,56.61,81,100,19.33,RU,2022-07-17 14:35:21,light rain
18,Isangel,-19.55,169.2667,73.22,85,67,14.9,VU,2022-07-17 14:35:21,broken clouds
19,Port Elizabeth,-33.918,25.5701,84.09,31,0,5.75,ZA,2022-07-17 14:33:59,clear sky
20,Bredasdorp,-34.5322,20.0403,65.97,62,0,5.48,ZA,2022-07-17 14:35:22,clear sky
21,Hobyo,5.3505,48.5268,78.19,74,61,31.7,SO,2022-07-17 14:35:22,broken clouds
22,Karasburg,-28.0167,18.75,72.57,18,4,14.03,NA,2022-07-17 14:35:22,clear sky
23,Deputatskiy,69.3,139.9,40.53,79,91,1.74,RU,2022-07-17 14:35:23,overcast clouds
24,Ushuaia,-54.8,-68.3,31.87,91,100,10.0,AR,2022-07-17 14:35:23,overcast clouds
25,Fort Nelson,58.8053,-122.7002,56.79,88,75,2.3,CA,2022-07-17 14:35:23,broken clouds
26,Kupang,-10.1667,123.5833,72.91,78,0,9.57,ID,2022-07-17 14:35:24,clear sky
27,Aklavik,68.2191,-135.0107,51.8,100,100,3.44,CA,2022-07-17 14:35:24,fog
28,Vardo,70.3705,31.1107,57.18,77,72,8.05,NO,2022-07-17 14:35:03,broken clouds
29,Kaitangata,-46.2817,169.8464,43.23,87,98,4.76,NZ,2022-07-17 14:35:25,overcast clouds
30,Porec,45.2258,13.5939,93.18,52,0,6.04,HR,2022-07-17 14:35:25,clear sky
31,Vaini,-21.2,-175.2,73.56,88,20,6.91,TO,2022-07-17 14:35:25,few clouds
32,Vagay,57.9375,69.0217,66.25,62,98,3.67,RU,2022-07-17 14:35:26,overcast clouds
33,New Norfolk,-42.7826,147.0587,36.91,81,89,3.0,AU,2022-07-17 14:35:26,light snow
34,Hilo,19.7297,-155.09,82.27,97,100,8.05,US,2022-07-17 14:35:26,overcast clouds
35,Upernavik,72.7868,-56.1549,41.38,86,88,13.15,GL,2022-07-17 14:35:27,overcast clouds
36,Qaanaaq,77.484,-69.3632,46.11,56,54,5.59,GL,2022-07-17 14:35:27,broken clouds
37,Hobart,-42.8794,147.3294,37.26,87,40,17.27,AU,2022-07-17 14:35:27,scattered clouds
38,Verkhnyaya Inta,65.9811,60.3094,72.43,63,64,9.66,RU,2022-07-17 14:35:28,broken clouds
39,Sobolevo,54.4299,31.8996,65.61,66,95,3.65,RU,2022-07-17 14:35:28,light rain
40,Yulara,-25.2406,130.9889,54.82,19,23,6.6,AU,2022-07-17 14:35:28,few clouds
41,Yumen,40.2833,97.2,78.85,33,96,8.52,CN,2022-07-17 14:35:29,overcast clouds
42,Nouadhibou,20.931,-17.0347,76.98,69,6,28.77,MR,2022-07-17 14:35:29,sand
43,Amapa,1.0,-52.0,88.81,51,12,4.45,BR,2022-07-17 14:35:29,few clouds
44,Naze,28.3667,129.4833,79.72,83,100,13.58,JP,2022-07-17 14:35:30,overcast clouds
45,Bluff,-46.6,168.3333,51.8,61,85,22.24,NZ,2022-07-17 14:35:30,overcast clouds
46,Labytnangi,66.6572,66.4183,71.83,47,10,2.44,RU,2022-07-17 14:32:19,clear sky
47,Todos Santos,23.45,-110.2167,88.05,92,8,3.74,MX,2022-07-17 14:36:30,clear sky
48,Cherskiy,68.75,161.3,32.5,71,45,10.22,RU,2022-07-17 14:33:13,scattered clouds
49,Nelson Bay,-32.7167,152.15,59.0,77,0,4.0,AU,2022-07-17 14:36:31,clear sky
50,Ancud,-41.8697,-73.8203,44.22,80,42,14.67,CL,2022-07-17 14:33:41,light rain
51,Port Alfred,-33.5906,26.891,75.88,35,4,8.21,ZA,2022-07-17 14:35:47,clear sky
52,Rio Grande,-32.035,-52.0986,53.71,66,5,16.53,BR,2022-07-17 14:36:31,clear sky
53,Grao Mogol,-16.5594,-42.8897,78.58,32,17,8.25,BR,2022-07-17 14:36:32,few clouds
54,Rawson,-43.3002,-65.1023,47.14,48,100,18.54,AR,2022-07-17 14:36:32,overcast clouds
55,Narsaq,60.9167,-46.05,53.82,64,7,7.87,GL,2022-07-17 14:36:14,clear sky
56,Matamoros,25.5333,-103.25,78.91,41,20,12.66,MX,2022-07-17 14:32:08,few clouds
57,Torbay,47.6666,-52.7314,74.88,59,40,14.97,CA,2022-07-17 14:33:43,scattered clouds
58,Jamestown,42.097,-79.2353,78.51,76,75,9.22,US,2022-07-17 14:31:59,broken clouds
59,Tomatlan,19.9333,-105.25,77.07,88,98,2.66,MX,2022-07-17 14:36:33,overcast clouds
60,Kaeo,-35.1,173.7833,47.32,94,82,4.0,NZ,2022-07-17 14:36:33,broken clouds
61,Atuona,-9.8,-139.0333,77.83,76,23,20.45,PF,2022-07-17 14:36:33,few clouds
62,Carnarvon,-24.8667,113.6333,67.86,80,9,11.36,AU,2022-07-17 14:36:34,clear sky
63,Touros,-5.1989,-35.4608,82.96,67,58,17.52,BR,2022-07-17 14:33:26,broken clouds
64,Sao Gabriel Da Cachoeira,-0.1303,-67.0892,85.8,74,0,8.05,BR,2022-07-17 14:34:24,clear sky
65,Dubbo,-32.25,148.6167,53.73,50,100,12.66,AU,2022-07-17 14:36:34,overcast clouds
66,Ballina,-28.8667,153.5667,59.77,71,53,10.36,AU,2022-07-17 14:36:35,broken clouds
67,Mahebourg,-20.4081,57.7,69.26,88,75,17.27,MU,2022-07-17 14:34:55,broken clouds
68,Arica,-18.475,-70.3042,59.23,67,100,3.44,CL,2022-07-17 14:36:35,overcast clouds
69,Jieshi,22.8134,115.8257,83.57,87,100,14.14,CN,2022-07-17 14:36:35,overcast clouds
70,Mar Del Plata,-38.0023,-57.5575,54.09,52,0,16.11,AR,2022-07-17 14:36:36,clear sky
71,Moindou,-21.6924,165.677,66.43,78,14,4.61,NC,2022-07-17 14:34:19,few clouds
72,Tutoia,-2.7619,-42.2744,86.86,56,5,7.61,BR,2022-07-17 14:36:36,clear sky
73,Kenai,60.5544,-151.2583,54.14,98,100,6.91,US,2022-07-17 14:36:36,moderate rain
74,Mount Gambier,-37.8333,140.7667,46.24,76,96,10.11,AU,2022-07-17 14:34:16,overcast clouds
75,Cidreira,-30.1811,-50.2056,56.26,64,2,16.75,BR,2022-07-17 14:36:37,clear sky
76,Ilulissat,69.2167,-51.1,51.82,54,20,5.75,GL,2022-07-17 14:36:37,few clouds
77,Novyy Urengoy,66.0833,76.6333,67.87,42,100,14.34,RU,2022-07-17 14:36:37,overcast clouds
78,Andenes,69.3143,16.1194,52.93,82,75,5.75,NO,2022-07-17 14:36:38,light rain
79,Vilhena,-12.7406,-60.1458,82.62,57,20,8.05,BR,2022-07-17 14:35:16,few clouds
80,Kungurtug,50.5994,97.5228,56.46,61,45,2.39,RU,2022-07-17 14:36:38,scattered clouds
81,Korem,12.5058,39.5228,66.45,53,100,1.97,ET,2022-07-17 14:36:39,overcast clouds
82,Mohgaon,21.65,78.7167,77.45,89,100,7.94,IN,2022-07-17 14:36:39,heavy intensity rain
83,Tuktoyaktuk,69.4541,-133.0374,53.6,94,100,4.61,CA,2022-07-17 14:33:57,overcast clouds
84,Vila Franca Do Campo,37.7167,-25.4333,70.21,68,55,6.51,PT,2022-07-17 14:33:19,broken clouds
85,Brooks,50.5834,-111.8851,69.04,77,29,9.22,CA,2022-07-17 14:36:39,scattered clouds
86,Bubaque,11.2833,-15.8333,81.3,82,90,10.65,GW,2022-07-17 14:36:40,overcast clouds
87,Najran,17.4924,44.1277,101.05,15,78,12.41,SA,2022-07-17 14:32:51,broken clouds
88,Kapaa,22.0752,-159.319,80.58,81,75,17.27,US,2022-07-17 14:36:40,broken clouds
89,Hambantota,6.1241,81.1185,84.54,84,20,5.75,LK,2022-07-17 14:36:40,few clouds
90,Atambua,-9.1061,124.8925,68.14,85,23,5.12,ID,2022-07-17 14:36:41,few clouds
91,Hermanus,-34.4187,19.2345,63.7,71,0,17.83,ZA,2022-07-17 14:36:41,clear sky
92,Khatanga,71.9667,102.5,59.74,61,100,7.49,RU,2022-07-17 14:33:49,overcast clouds
93,Saskylakh,71.9167,114.0833,51.67,61,81,8.03,RU,2022-07-17 14:36:41,broken clouds
94,Thompson,55.7435,-97.8558,66.36,88,40,5.75,CA,2022-07-17 14:36:42,smoke
95,Cururupu,-1.8283,-44.8683,89.1,50,45,6.06,BR,2022-07-17 14:37:42,scattered clouds
96,Alytus,54.4,24.05,63.68,67,71,9.86,LT,2022-07-17 14:37:42,broken clouds
97,Onega,63.9061,38.1404,65.86,59,100,5.39,RU,2022-07-17 14:37:43,overcast clouds
98,Kodiak,57.79,-152.4072,56.71,72,75,9.22,US,2022-07-17 14:34:17,broken clouds
99,Faya,18.3851,42.4509,80.71,28,80,8.34,SA,2022-07-17 14:37:43,broken clouds
100,Show Low,34.2542,-110.0298,78.01,43,0,0.0,US,2022-07-17 14:37:43,clear sky
101,Cabo San Lucas,22.8909,-109.9124,81.61,63,10,5.01,MX,2022-07-17 14:36:30,clear sky
102,Maceio,-9.6658,-35.7353,81.84,61,75,13.8,BR,2022-07-17 14:37:44,broken clouds
103,Codrington,-38.2667,141.9667,47.77,69,92,17.72,AU,2022-07-17 14:37:44,overcast clouds
104,East London,-33.0153,27.9116,86.94,17,0,5.75,ZA,2022-07-17 14:34:45,clear sky
105,Viedma,-40.8135,-62.9967,51.85,40,29,29.21,AR,2022-07-17 14:37:45,scattered clouds
106,Arraial Do Cabo,-22.9661,-42.0278,82.36,54,0,9.22,BR,2022-07-17 14:36:52,clear sky
107,Bambous Virieux,-20.3428,57.7575,69.22,88,75,17.27,MU,2022-07-17 14:37:45,light rain
108,Yellowknife,62.456,-114.3525,59.56,94,75,16.11,CA,2022-07-17 14:37:46,broken clouds
109,Santa Barbara,34.7333,-120.0343,78.35,88,0,0.0,US,2022-07-17 14:35:59,clear sky
110,Batagay-Alyta,67.8006,130.4114,48.92,82,100,0.29,RU,2022-07-17 14:37:46,overcast clouds
111,Dudinka,69.4058,86.1778,63.63,63,100,4.63,RU,2022-07-17 14:37:46,overcast clouds
112,Georgetown,5.4112,100.3354,85.95,84,20,2.3,MY,2022-07-17 14:35:19,few clouds
113,Praia,14.9215,-23.5087,86.54,54,20,6.91,CV,2022-07-17 14:37:47,few clouds
114,Bermeo,43.4209,-2.7215,107.8,50,0,13.13,ES,2022-07-17 14:37:47,clear sky
115,Pedreiras,-4.5688,-44.6003,90.91,38,71,4.92,BR,2022-07-17 14:37:47,broken clouds
116,Ribeira Grande,38.5167,-28.7,79.2,65,40,6.91,PT,2022-07-17 14:35:23,scattered clouds
117,Sabya,17.1495,42.6254,92.82,34,48,20.42,SA,2022-07-17 14:37:48,scattered clouds
118,Nikolskoye,59.7035,30.7861,64.87,78,96,9.28,RU,2022-07-17 14:37:48,overcast clouds
119,Avarua,-21.2078,-159.775,71.65,73,100,6.91,CK,2022-07-17 14:36:32,overcast clouds
120,Fuxin,42.0156,121.6589,70.23,75,11,2.84,CN,2022-07-17 14:37:49,few clouds
121,Esperance,-33.8667,121.9,55.02,75,99,15.17,AU,2022-07-17 14:37:49,light rain
122,Barabai,-2.5833,115.3833,71.8,95,100,1.68,ID,2022-07-17 14:34:54,overcast clouds
123,Hithadhoo,-0.6,73.0833,78.37,87,100,24.2,MV,2022-07-17 14:35:45,overcast clouds
124,Labuan,5.2767,115.2417,77.36,94,20,0.0,MY,2022-07-17 14:37:50,light rain
125,Faanui,-16.4833,-151.75,75.99,74,69,18.23,PF,2022-07-17 14:37:50,light rain
126,Saint Anthony,45.0205,-93.218,81.77,74,0,3.44,US,2022-07-17 14:37:50,clear sky
127,Kununurra,-15.7667,128.7333,55.38,76,10,0.0,AU,2022-07-17 14:37:51,clear sky
128,Klaksvik,62.2266,-6.589,52.72,86,74,23.49,FO,2022-07-17 14:37:51,broken clouds
129,Slave Lake,55.2834,-114.769,62.58,77,0,0.0,CA,2022-07-17 14:35:45,clear sky
130,Sosnogorsk,63.6023,53.8817,77.04,38,2,2.21,RU,2022-07-17 14:37:51,clear sky
131,Kailua,21.4022,-157.7394,78.78,85,100,13.8,US,2022-07-17 14:33:20,overcast clouds
132,Arrifes,37.7667,-25.7,68.25,88,75,12.66,PT,2022-07-17 14:37:52,broken clouds
133,Bonfim,3.0833,-59.95,85.96,64,47,2.98,BR,2022-07-17 14:37:52,scattered clouds
134,Airai,-8.9266,125.4092,54.5,91,49,2.84,TL,2022-07-17 14:36:22,scattered clouds
135,Cananea,30.95,-110.3,74.14,52,96,2.93,MX,2022-07-17 14:33:44,overcast clouds
136,Castro,-24.7911,-50.0119,65.82,68,100,3.11,BR,2022-07-17 14:35:05,overcast clouds
137,Betioky,-23.7167,44.3833,75.36,41,97,13.98,MG,2022-07-17 14:37:53,overcast clouds
138,Provideniya,64.3833,-173.3,49.66,98,100,6.08,RU,2022-07-17 14:37:53,overcast clouds
139,Pemangkat,1.1667,108.9667,79.83,76,100,7.72,ID,2022-07-17 14:37:53,overcast clouds
140,Skelleftea,64.7507,20.9528,59.36,63,100,10.36,SE,2022-07-17 14:37:54,overcast clouds
141,Tiksi,71.6872,128.8694,36.23,81,99,2.64,RU,2022-07-17 14:37:06,overcast clouds
142,Rypefjord,70.6333,23.6667,48.67,100,75,14.97,NO,2022-07-17 14:38:54,broken clouds
143,Ugoofaaru,5.6667,73.0,81.61,80,100,14.07,MV,2022-07-17 14:38:55,overcast clouds
144,Ponta Do Sol,32.6667,-17.1,79.0,77,34,8.39,PT,2022-07-17 14:35:22,scattered clouds
145,Necochea,-38.5473,-58.7368,50.29,42,4,20.8,AR,2022-07-17 14:38:55,light rain
146,Kahului,20.8947,-156.47,77.02,80,0,20.71,US,2022-07-17 14:38:23,clear sky
147,Machacamarca,-18.1667,-67.0333,48.65,40,34,5.84,BO,2022-07-17 14:38:55,scattered clouds
148,Tura,25.5198,90.2201,77.76,87,75,4.81,IN,2022-07-17 14:38:56,broken clouds
149,San Luis,-33.295,-66.3356,54.09,24,2,18.63,AR,2022-07-17 14:38:56,clear sky
150,Santa Maria,-29.6842,-53.8069,51.1,71,100,9.22,BR,2022-07-17 14:38:56,overcast clouds
151,Bethel,41.3712,-73.414,81.66,70,75,5.75,US,2022-07-17 14:38:57,broken clouds
152,Saint George,37.1041,-113.5841,93.79,30,0,5.75,US,2022-07-17 14:38:42,clear sky
153,Kavaratti,10.5669,72.642,82.38,81,99,17.36,IN,2022-07-17 14:38:57,overcast clouds
154,Ardakan,32.31,54.0175,97.21,6,0,16.2,IR,2022-07-17 14:38:58,clear sky
155,Bukama,-9.2,25.85,88.45,20,60,6.11,CD,2022-07-17 14:38:58,broken clouds
156,Buritis,-15.6178,-46.4233,83.25,34,12,6.76,BR,2022-07-17 14:38:58,few clouds
157,Estelle,29.8458,-90.1067,88.0,67,75,1.99,US,2022-07-17 14:37:26,broken clouds
158,Uruzgan,32.8333,66.0,89.46,17,7,6.93,AF,2022-07-17 14:38:59,clear sky
159,Unai,-16.3575,-46.9061,83.41,32,37,5.73,BR,2022-07-17 14:38:59,scattered clouds
160,Wasilla,61.5814,-149.4394,57.06,90,100,6.91,US,2022-07-17 14:38:59,moderate rain
161,Saharsa,25.8833,86.6,92.35,53,61,13.69,IN,2022-07-17 14:39:00,broken clouds
162,Red Bluff,40.1785,-122.2358,77.72,33,0,5.75,US,2022-07-17 14:38:04,clear sky
163,Kajiado,-1.8524,36.7768,65.1,58,93,13.38,KE,2022-07-17 14:39:00,overcast clouds
164,Velikiy Ustyug,60.7644,46.3106,61.48,79,89,9.6,RU,2022-07-17 14:39:00,light rain
165,Victoria,22.2855,114.1577,88.32,80,100,13.0,HK,2022-07-17 14:38:21,overcast clouds
166,Paso De Los Toros,-32.8167,-56.5167,49.19,62,0,11.88,UY,2022-07-17 14:39:01,clear sky
167,Perambalur,11.2333,78.8833,81.01,77,100,12.1,IN,2022-07-17 14:39:01,overcast clouds
168,Berdigestyakh,62.0989,126.6992,70.29,84,68,4.68,RU,2022-07-17 14:35:43,broken clouds
169,Hirara,24.8,125.2833,84.72,88,99,19.55,JP,2022-07-17 14:39:02,overcast clouds
170,Markova,48.6758,24.4138,63.88,46,98,10.0,UA,2022-07-17 14:39:02,overcast clouds
171,Sitka,57.0531,-135.33,53.49,94,100,9.22,US,2022-07-17 14:35:19,moderate rain
172,Pacific Grove,36.6177,-121.9166,59.02,96,100,8.99,US,2022-07-17 14:35:39,mist
173,Nanortalik,60.1432,-45.2371,43.97,79,74,12.12,GL,2022-07-17 14:36:09,broken clouds
174,Berlevag,70.8578,29.0864,58.95,67,100,10.36,NO,2022-07-17 14:37:00,overcast clouds
175,Srednekolymsk,67.45,153.6833,40.51,54,0,5.84,RU,2022-07-17 14:39:03,clear sky
176,Muli,2.9167,73.5667,80.78,81,100,13.94,MV,2022-07-17 14:39:03,overcast clouds
177,Verkhnevilyuysk,63.4453,120.3167,62.17,98,100,3.51,RU,2022-07-17 14:39:03,overcast clouds
178,Belmonte,-15.8631,-38.8828,79.29,61,34,6.78,BR,2022-07-17 14:35:23,scattered clouds
179,Rehoboth,-23.3167,17.0833,71.85,16,3,8.23,NA,2022-07-17 14:39:04,clear sky
180,The Valley,18.217,-63.0578,86.83,70,40,18.41,AI,2022-07-17 14:39:04,scattered clouds
181,Matara,5.9485,80.5353,79.65,85,100,9.26,LK,2022-07-17 14:39:05,overcast clouds
182,Lima,-12.0432,-77.0282,61.9,80,100,3.44,PE,2022-07-17 14:39:05,overcast clouds
183,Takoradi,4.8845,-1.7554,77.67,74,80,11.59,GH,2022-07-17 14:39:05,broken clouds
184,Kinango,-4.1372,39.3153,75.85,61,39,12.03,KE,2022-07-17 14:39:06,scattered clouds
185,Hienghene,-20.6833,164.9333,68.23,79,64,9.78,NC,2022-07-17 14:39:06,broken clouds
186,Visby,57.6409,18.296,69.06,60,0,12.66,SE,2022-07-17 14:40:07,clear sky
187,Pangnirtung,66.1451,-65.7125,49.71,65,56,3.47,CA,2022-07-17 14:40:07,broken clouds
188,Vaitape,-16.5167,-151.75,76.03,74,73,18.34,PF,2022-07-17 14:40:07,light rain
189,Namibe,-15.1961,12.1522,65.03,82,100,11.5,AO,2022-07-17 14:38:31,overcast clouds
190,Poplar Bluff,36.757,-90.3929,78.69,86,75,1.01,US,2022-07-17 14:40:08,light rain
191,Ondjiva,-17.0667,15.7333,79.27,16,0,8.75,AO,2022-07-17 14:40:08,clear sky
192,Port Hardy,50.6996,-127.4199,53.78,94,75,4.61,CA,2022-07-17 14:40:09,broken clouds
193,Waingapu,-9.6567,120.2641,73.49,88,64,4.97,ID,2022-07-17 14:40:09,broken clouds
194,Dunstable,51.886,-0.521,87.89,23,100,8.05,GB,2022-07-17 14:40:09,overcast clouds
195,Cayenne,4.9333,-52.3333,87.84,6,100,8.05,GF,2022-07-17 14:40:10,overcast clouds
196,Salinopolis,-0.6136,-47.3561,85.68,65,43,7.72,BR,2022-07-17 14:40:10,scattered clouds
197,Bathsheba,13.2167,-59.5167,85.05,83,40,25.32,BB,2022-07-17 14:40:10,scattered clouds
198,Verbivka,49.4167,35.5333,68.43,62,68,8.55,UA,2022-07-17 14:40:11,broken clouds
199,Gorontalo,0.5412,123.0595,75.02,94,99,2.01,ID,2022-07-17 14:40:11,overcast clouds
200,Dubreka,9.7911,-13.5233,83.35,82,90,6.69,GN,2022-07-17 14:40:11,moderate rain
201,San Francisco,37.7749,-122.4194,66.45,91,20,11.5,US,2022-07-17 14:39:03,few clouds
202,Hamilton,39.1834,-84.5333,74.03,95,100,10.36,US,2022-07-17 14:35:32,moderate rain
203,Altamont,42.2068,-121.7372,63.79,78,0,1.01,US,2022-07-17 14:40:12,clear sky
204,Nizwa,22.9333,57.5333,85.42,59,100,5.75,OM,2022-07-17 14:40:12,overcast clouds
205,Samarai,-10.6167,150.6667,78.91,84,50,10.02,PG,2022-07-17 14:40:12,scattered clouds
206,San Patricio,28.017,-97.5169,87.89,57,66,8.48,US,2022-07-17 14:40:13,broken clouds
207,Usevya,-7.1,31.2333,81.18,32,40,6.67,TZ,2022-07-17 14:40:13,scattered clouds
208,Biskamzha,53.4497,89.5272,57.29,98,83,4.14,RU,2022-07-17 14:40:13,light rain
209,Saint-Philippe,-21.3585,55.7679,69.39,77,99,17.05,RE,2022-07-17 14:40:14,light rain
210,Chokurdakh,70.6333,147.9167,38.07,58,15,6.35,RU,2022-07-17 14:40:14,few clouds
211,Sinnamary,5.3833,-52.95,81.25,77,77,3.98,GF,2022-07-17 14:40:14,broken clouds
212,La Ronge,55.1001,-105.2842,71.82,64,40,6.91,CA,2022-07-17 14:40:15,smoke
213,Honiara,-9.4333,159.95,76.32,84,56,6.62,SB,2022-07-17 14:40:15,broken clouds
214,Okhotsk,59.3833,143.3,54.77,95,13,4.09,RU,2022-07-17 14:40:15,few clouds
215,Butaritari,3.0707,172.7902,82.17,71,100,9.62,KI,2022-07-17 14:40:16,overcast clouds
216,Sainte-Thecle,46.8168,-72.4991,75.25,61,12,2.91,CA,2022-07-17 14:40:16,few clouds
217,Doha,25.2867,51.5333,107.91,55,4,11.5,QA,2022-07-17 14:40:16,clear sky
218,Eureka,40.8021,-124.1637,58.68,86,4,2.82,US,2022-07-17 14:35:33,clear sky
219,Mecca,21.4267,39.8261,97.45,19,98,14.52,SA,2022-07-17 14:37:52,overcast clouds
220,Lompoc,34.6391,-120.4579,59.14,94,100,0.0,US,2022-07-17 14:40:17,fog
221,Lagoa,39.05,-27.9833,70.21,89,20,10.63,PT,2022-07-17 14:40:17,few clouds
222,Maniitsoq,65.4167,-52.9,42.69,90,100,14.32,GL,2022-07-17 14:40:18,light rain
223,Vanavara,60.34,102.2797,56.21,80,91,3.22,RU,2022-07-17 14:40:18,overcast clouds
224,Spilimbergo,46.1125,12.8969,92.8,36,0,6.91,IT,2022-07-17 14:40:18,clear sky
225,Beloha,-25.1667,45.05,69.51,63,32,16.64,MG,2022-07-17 14:40:19,scattered clouds
226,Pevek,69.7008,170.3133,30.87,92,100,32.21,RU,2022-07-17 14:40:19,light snow
227,Berbera,10.4396,45.0143,92.28,49,27,6.15,SO,2022-07-17 14:40:19,scattered clouds
228,Clyde River,70.4692,-68.5914,34.03,100,75,9.22,CA,2022-07-17 14:36:22,light intensity drizzle
229,Zhigansk,66.7697,123.3711,58.05,68,100,11.03,RU,2022-07-17 14:40:20,overcast clouds
230,Turbat,26.0023,63.044,97.5,44,99,2.1,PK,2022-07-17 14:40:20,overcast clouds
231,Vicuna,-30.0319,-70.7081,46.13,35,9,1.59,CL,2022-07-17 14:41:20,clear sky
232,Lavrentiya,65.5833,-171.0,46.2,94,100,10.13,RU,2022-07-17 14:41:21,overcast clouds
233,Flinders,-34.5833,150.8552,58.17,61,30,10.0,AU,2022-07-17 14:41:21,scattered clouds
234,Olinda,-8.0089,-34.8553,78.53,83,75,12.66,BR,2022-07-17 14:37:05,broken clouds
235,San Jose,37.3394,-121.895,69.82,77,20,0.0,US,2022-07-17 14:37:17,few clouds
236,Grindavik,63.8424,-22.4338,53.55,82,75,9.22,IS,2022-07-17 14:41:21,broken clouds
237,Inirida,3.8653,-67.9239,86.85,63,26,3.51,CO,2022-07-17 14:41:22,scattered clouds
238,Longhua,23.6137,114.1919,79.9,92,100,3.18,CN,2022-07-17 14:41:22,overcast clouds
239,Anadyr,64.75,177.4833,55.9,76,0,17.9,RU,2022-07-17 14:41:22,clear sky
240,Coahuayana,18.7333,-103.6833,78.58,81,99,2.77,MX,2022-07-17 14:41:23,overcast clouds
241,Mayumba,-3.432,10.6554,74.7,74,57,9.86,GA,2022-07-17 14:41:23,broken clouds
242,Labuhan,-6.8844,112.2051,78.84,83,100,7.49,ID,2022-07-17 14:41:23,light rain
243,Bobrovytsya,50.75,31.3833,63.23,53,65,11.63,UA,2022-07-17 14:41:24,broken clouds
244,Fortuna,40.5982,-124.1573,57.34,90,55,1.01,US,2022-07-17 14:41:24,broken clouds
245,Smoky Lake,54.1169,-112.4686,59.72,94,100,0.0,CA,2022-07-17 14:41:24,overcast clouds
246,Paamiut,61.994,-49.6678,42.12,89,100,8.81,GL,2022-07-17 14:41:25,overcast clouds
247,Longyearbyen,78.2186,15.6401,48.04,81,75,6.91,SJ,2022-07-17 14:41:25,broken clouds
248,Floriano,-6.7669,-43.0225,94.1,29,81,9.13,BR,2022-07-17 14:41:25,broken clouds
249,Charagua,-19.8,-63.2167,53.17,39,99,3.49,BO,2022-07-17 14:41:26,overcast clouds
250,Coihaique,-45.5752,-72.0662,36.21,80,75,5.75,CL,2022-07-17 14:37:02,broken clouds
251,Garowe,8.4054,48.4845,86.43,35,67,29.48,SO,2022-07-17 14:41:26,broken clouds
252,Iqaluit,63.7506,-68.5145,47.93,93,100,3.44,CA,2022-07-17 14:41:27,overcast clouds
253,Ossora,59.2353,163.0719,59.36,80,23,4.14,RU,2022-07-17 14:41:27,few clouds
254,Sao Filipe,14.8961,-24.4956,76.08,79,31,13.44,CV,2022-07-17 14:41:27,scattered clouds
255,Avera,33.194,-82.5271,83.55,58,0,2.13,US,2022-07-17 14:37:37,clear sky
256,Samarkand,39.6542,66.9597,94.42,16,0,9.22,UZ,2022-07-17 14:41:28,clear sky
257,Dingle,10.9995,122.6711,75.54,95,100,2.21,PH,2022-07-17 14:41:28,light rain
258,Pasinler,39.9803,41.6764,85.19,18,0,11.65,TR,2022-07-17 14:41:28,clear sky
259,Bridlington,54.0831,-0.1919,87.73,61,99,11.34,GB,2022-07-17 14:41:29,overcast clouds
260,Two Hills,53.7169,-111.7518,63.09,94,93,9.22,CA,2022-07-17 14:41:29,overcast clouds
261,Lohja,60.2486,24.0653,62.44,82,99,9.1,FI,2022-07-17 14:41:29,overcast clouds
262,Olafsvik,64.8945,-23.7142,51.17,82,79,3.62,IS,2022-07-17 14:41:29,broken clouds
263,Dunmore Town,25.5,-76.65,83.01,77,85,18.7,BS,2022-07-17 14:41:30,overcast clouds
264,Constitucion,-35.3333,-72.4167,49.5,85,100,12.19,CL,2022-07-17 14:41:30,light rain
265,Geraldton,-28.7667,114.6,57.61,94,40,8.05,AU,2022-07-17 14:40:21,scattered clouds
266,Longonjo,-12.9067,15.2533,79.88,19,62,3.83,AO,2022-07-17 14:41:31,broken clouds
267,Ekibastuz,51.6667,75.3667,73.35,41,40,19.19,KZ,2022-07-17 14:41:31,scattered clouds
268,Tocopilla,-22.092,-70.1979,65.07,56,1,8.34,CL,2022-07-17 14:41:31,clear sky
269,Sibolga,1.7427,98.7792,77.34,85,9,3.33,ID,2022-07-17 14:41:32,clear sky
270,Yekimovichi,54.1129,33.2965,64.29,73,97,2.3,RU,2022-07-17 14:41:32,light rain
271,Totness,5.8833,-56.3167,84.76,66,3,6.85,SR,2022-07-17 14:41:32,clear sky
272,Tandil,-37.3217,-59.1332,49.68,38,6,19.46,AR,2022-07-17 14:38:12,clear sky
273,Sao Jose Da Coroa Grande,-8.8978,-35.1478,79.23,70,8,15.17,BR,2022-07-17 14:41:33,clear sky
274,Yerbogachen,61.2767,108.0108,59.67,74,92,2.77,RU,2022-07-17 14:41:33,overcast clouds
275,Luderitz,-26.6481,15.1594,68.38,46,11,4.54,NA,2022-07-17 14:41:33,few clouds
276,Buala,-8.145,159.5921,79.32,79,70,8.19,SB,2022-07-17 14:41:34,broken clouds
277,Ketchikan,55.3422,-131.6461,54.07,100,100,4.61,US,2022-07-17 14:37:50,overcast clouds
278,Port Macquarie,-31.4333,152.9167,50.9,76,37,7.81,AU,2022-07-17 14:40:42,scattered clouds
279,Manoel Urbano,-8.8389,-69.2597,85.21,65,99,2.82,BR,2022-07-17 14:42:34,overcast clouds
280,Opuwo,-18.0607,13.84,76.62,20,0,10.25,NA,2022-07-17 14:42:35,clear sky
281,Sechura,-5.5569,-80.8222,68.83,66,6,11.52,PE,2022-07-17 14:42:35,clear sky
282,Bani Walid,31.7566,13.9942,94.19,19,0,11.52,LY,2022-07-17 14:42:35,clear sky
283,West Wendover,40.7391,-114.0733,74.41,31,0,4.61,US,2022-07-17 14:42:36,clear sky
284,Severo-Kurilsk,50.6789,156.125,53.71,96,100,2.33,RU,2022-07-17 14:42:36,overcast clouds
285,Cairns,-16.9167,145.7667,67.95,84,75,8.05,AU,2022-07-17 14:42:36,broken clouds
286,Bengkulu,-3.8004,102.2655,78.26,87,72,4.56,ID,2022-07-17 14:42:36,broken clouds
287,Alofi,-19.0595,-169.9187,73.29,88,29,11.5,NU,2022-07-17 14:42:37,scattered clouds
288,Artvin,41.1667,41.8333,69.28,91,75,6.11,TR,2022-07-17 14:42:37,broken clouds
289,Planaltina,-15.4528,-47.6142,79.12,30,81,8.05,BR,2022-07-17 14:42:37,broken clouds
290,Taoudenni,22.6783,-3.9836,114.31,9,53,6.51,ML,2022-07-17 14:42:38,broken clouds
291,Sungaipenuh,-2.0833,101.3833,65.19,94,81,2.75,ID,2022-07-17 14:42:38,broken clouds
292,Yar-Sale,66.8333,70.8333,66.94,57,69,3.49,RU,2022-07-17 14:42:38,broken clouds
293,Belaya Gora,68.5333,146.4167,44.11,66,8,4.41,RU,2022-07-17 14:42:39,clear sky
294,Dikson,73.5069,80.5464,46.49,76,46,8.97,RU,2022-07-17 14:42:39,scattered clouds
295,Hofn,64.2539,-15.2082,59.02,72,75,11.5,IS,2022-07-17 14:42:39,broken clouds
296,San Juan Bautista,-14.0108,-75.7358,69.26,48,1,4.05,PE,2022-07-17 14:42:40,clear sky
297,Tasiilaq,65.6145,-37.6368,51.96,77,90,5.59,GL,2022-07-17 14:42:40,overcast clouds
298,Progreso,21.2833,-89.6667,85.1,58,25,3.22,MX,2022-07-17 14:42:40,scattered clouds
299,Port Blair,11.6667,92.75,81.84,84,100,11.03,IN,2022-07-17 14:42:41,light rain
300,Trinidad,-14.8333,-64.9,57.18,94,100,11.5,BO,2022-07-17 14:42:41,light rain
301,Akdepe,42.0551,59.3788,105.89,14,0,17.29,TM,2022-07-17 14:42:41,clear sky
302,Athens,37.9795,23.7162,96.4,31,0,16.11,GR,2022-07-17 14:42:42,clear sky
303,Elko,41.0002,-115.5012,68.02,20,3,1.39,US,2022-07-17 14:42:42,clear sky
304,Hay River,60.8156,-115.7999,62.58,82,100,10.36,CA,2022-07-17 14:42:42,overcast clouds
305,Erenhot,43.6475,111.9767,74.98,21,77,8.52,CN,2022-07-17 14:42:43,broken clouds
306,Komsomolskiy,40.4272,71.7189,99.32,13,0,4.61,UZ,2022-07-17 14:42:43,clear sky
307,Bay-Khaak,51.1667,94.5,60.46,85,99,0.36,RU,2022-07-17 14:42:43,overcast clouds
308,Phetchabun,16.25,101.0833,79.81,88,11,2.33,TH,2022-07-17 14:42:44,few clouds
309,Saint-Francois,46.4154,3.9054,89.04,27,0,8.05,FR,2022-07-17 14:42:44,clear sky
310,Marion,39.7684,-86.1555,75.7,93,100,8.05,US,2022-07-17 14:42:44,mist
311,Port Lincoln,-34.7333,135.8667,52.57,66,99,10.16,AU,2022-07-17 14:42:45,overcast clouds
312,Vysokogornyy,50.1167,139.15,50.47,98,100,3.62,RU,2022-07-17 14:42:45,overcast clouds
313,Sao Joao Da Barra,-21.6403,-41.0511,84.29,60,99,12.19,BR,2022-07-17 14:39:01,overcast clouds
314,Rio Gallegos,-51.6226,-69.2181,21.25,79,75,5.75,AR,2022-07-17 14:42:45,broken clouds
315,Boguchany,58.3814,97.4531,59.32,67,63,5.57,RU,2022-07-17 14:42:46,broken clouds
316,Castlegar,49.2998,-117.6689,72.1,54,0,3.02,CA,2022-07-17 14:42:46,clear sky
317,Iquique,-20.2208,-70.1431,59.04,58,23,7.49,CL,2022-07-17 14:42:46,few clouds
318,San Andres,12.5847,-81.7006,84.22,79,20,10.36,CO,2022-07-17 14:42:47,few clouds
319,La Primavera,5.4906,-70.4092,82.92,76,99,7.29,CO,2022-07-17 14:42:47,overcast clouds
320,Sakakah,29.9697,40.2064,107.17,9,0,3.71,SA,2022-07-17 14:42:47,clear sky
321,Pucara,-15.9803,-71.4606,44.73,27,30,3.6,PE,2022-07-17 14:42:48,scattered clouds
322,Pyshchug,58.8873,45.7134,66.99,66,48,4.85,RU,2022-07-17 14:42:48,scattered clouds
323,Khandyga,62.6667,135.6,69.55,82,5,1.97,RU,2022-07-17 14:42:48,clear sky
324,Zhanaozen,43.3,52.8,106.56,9,0,1.39,KZ,2022-07-17 14:43:49,clear sky
325,Chauk,20.8833,94.8167,87.89,62,85,15.35,MM,2022-07-17 14:43:49,overcast clouds
326,Tromso,69.6496,18.957,50.38,87,75,8.05,NO,2022-07-17 14:43:49,light intensity shower rain
327,Ust-Maya,60.4167,134.5333,68.9,65,0,2.53,RU,2022-07-17 14:43:50,clear sky
328,Tilichiki,60.4667,166.1,52.9,89,74,6.02,RU,2022-07-17 14:43:50,broken clouds
329,Paracuru,-3.41,-39.0306,84.11,60,37,15.05,BR,2022-07-17 14:43:50,scattered clouds
330,Wad Madani,14.4012,33.5199,97.59,27,48,8.25,SD,2022-07-17 14:43:51,scattered clouds
331,Paita,-5.0892,-81.1144,67.21,72,2,12.39,PE,2022-07-17 14:43:51,clear sky
332,Nuuk,64.1835,-51.7216,45.21,87,75,20.71,GL,2022-07-17 14:43:51,moderate rain
333,Changji,44.0167,87.3167,90.39,18,0,4.47,CN,2022-07-17 14:43:52,clear sky
334,Jutai,-5.1833,-68.9,87.13,61,32,4.47,BR,2022-07-17 14:43:52,scattered clouds
335,Guerrero Negro,27.9769,-114.0611,69.6,74,3,9.6,MX,2022-07-17 14:43:52,clear sky
336,Chuy,-33.6971,-53.4616,48.65,69,0,14.54,UY,2022-07-17 14:43:53,clear sky
337,Zanjan,36.6736,48.4787,91.09,19,0,18.41,IR,2022-07-17 14:43:53,clear sky
338,Emba,48.8264,58.1442,91.27,22,0,8.12,KZ,2022-07-17 14:43:53,clear sky
339,Sahuaripa,29.05,-109.2333,84.31,63,97,0.78,MX,2022-07-17 14:43:54,overcast clouds
340,Ust-Uda,54.1742,103.0304,54.25,91,37,2.39,RU,2022-07-17 14:43:54,scattered clouds
341,Barra Do Bugres,-15.0725,-57.1811,85.12,44,2,4.09,BR,2022-07-17 14:43:54,clear sky
342,Leua,48.2156,18.6071,80.49,19,51,11.48,SK,2022-07-17 14:43:55,broken clouds
343,Znamenskoye,57.1281,73.8282,62.74,67,77,4.94,RU,2022-07-17 14:43:55,broken clouds
344,Opotiki,-38.0833,177.2833,39.38,92,98,2.28,NZ,2022-07-17 14:43:55,overcast clouds
345,Port Said,31.2565,32.2841,84.18,79,0,12.66,EG,2022-07-17 14:42:07,clear sky
346,Sorland,67.667,12.6934,53.46,66,75,6.91,NO,2022-07-17 14:43:56,broken clouds
347,Solnechnyy,50.7214,136.6319,60.76,67,83,2.82,RU,2022-07-17 14:43:56,broken clouds
348,New Albany,38.2856,-85.8241,76.17,91,100,6.91,US,2022-07-17 14:43:56,mist
349,Thunder Bay,48.4001,-89.3168,66.18,82,20,6.91,CA,2022-07-17 14:43:56,fog
350,Sabang,5.8933,95.3214,83.08,72,60,5.37,ID,2022-07-17 14:43:57,broken clouds
351,Motala,58.5371,15.0365,71.15,50,88,5.01,SE,2022-07-17 14:43:57,overcast clouds
352,Mahajanga,-15.7167,46.3167,84.22,42,40,9.22,MG,2022-07-17 14:43:57,scattered clouds
353,Oranjemund,-28.55,16.4333,66.61,51,9,6.78,NA,2022-07-17 14:43:58,clear sky
354,Luanda,-8.8368,13.2343,72.75,75,100,16.75,AO,2022-07-17 14:39:06,overcast clouds
355,Ixtapa,20.7,-105.2,78.22,100,100,3.44,MX,2022-07-17 14:43:58,overcast clouds
356,Souillac,-20.5167,57.5167,68.38,88,75,17.27,MU,2022-07-17 14:43:59,light rain
357,Hovd,48.0056,91.6419,71.98,32,83,7.16,MN,2022-07-17 14:43:59,broken clouds
358,College,64.8569,-147.8028,57.15,76,100,3.44,US,2022-07-17 14:43:59,overcast clouds
359,Leningradskiy,69.3833,178.4167,30.42,82,91,22.59,RU,2022-07-17 14:44:00,overcast clouds
360,Castanos,26.7833,-101.4167,79.34,55,0,4.25,MX,2022-07-17 14:44:00,clear sky
361,Eyl,7.9803,49.8164,87.1,48,80,29.24,SO,2022-07-17 14:44:00,broken clouds
362,Ostrovnoy,68.0531,39.5131,66.65,61,15,15.17,RU,2022-07-17 14:44:00,few clouds
363,Malayal,7.208,121.942,78.37,84,100,1.25,PH,2022-07-17 14:44:01,overcast clouds
364,Huntersville,35.4107,-80.8429,86.4,74,0,4.61,US,2022-07-17 14:39:19,clear sky
365,Stephenville,32.2207,-98.2023,88.77,47,0,11.5,US,2022-07-17 14:40:51,clear sky
366,Katesh,-4.5167,35.3833,66.02,51,36,8.57,TZ,2022-07-17 14:44:01,scattered clouds
367,Kirakira,-10.4544,161.9205,78.94,80,23,11.27,SB,2022-07-17 14:44:02,few clouds
368,Cam Ranh,11.9214,109.1591,78.76,78,20,4.61,VN,2022-07-17 14:39:56,few clouds
369,Port-Gentil,-0.7193,8.7815,82.36,65,40,12.66,GA,2022-07-17 14:44:02,scattered clouds
370,Akyab,20.15,92.9,83.28,82,50,12.08,MM,2022-07-17 14:44:03,scattered clouds
371,Chor,25.5167,69.7667,90.23,63,79,13.44,PK,2022-07-17 14:45:03,broken clouds
372,Quatre Cocos,-20.2078,57.7625,70.09,75,36,21.83,MU,2022-07-17 14:45:03,light rain
373,Bud,39.447,-86.1758,75.33,95,100,13.33,US,2022-07-17 14:45:04,moderate rain
374,Palmer,42.1584,-72.3287,84.25,65,20,4.61,US,2022-07-17 14:45:04,few clouds
375,Sept-Iles,50.2001,-66.3821,68.52,73,75,10.36,CA,2022-07-17 14:41:02,broken clouds
376,Alice Springs,-23.7,133.8833,40.55,30,0,4.61,AU,2022-07-17 14:44:01,clear sky
377,Adrar,20.5022,-10.0711,112.32,6,12,12.97,MR,2022-07-17 14:45:05,few clouds
378,Marawi,7.9986,124.2928,68.85,94,100,2.89,PH,2022-07-17 14:45:05,light rain
379,Warri,5.5167,5.75,84.65,55,84,7.56,NG,2022-07-17 14:45:05,broken clouds
380,Tongzi,28.7829,105.0877,76.59,89,100,3.69,CN,2022-07-17 14:45:05,overcast clouds
381,Nazca,-14.8333,-74.95,70.14,45,4,4.88,PE,2022-07-17 14:45:06,clear sky
382,Belyy Yar,53.6039,91.3903,69.69,68,0,17.9,RU,2022-07-17 14:45:06,light rain
383,Nome,64.5011,-165.4064,39.27,81,0,0.0,US,2022-07-17 14:45:07,clear sky
384,Westport,41.1415,-73.3579,83.28,73,0,5.75,US,2022-07-17 14:43:49,clear sky
385,Biak,-0.9131,122.8766,75.16,85,96,6.73,ID,2022-07-17 14:45:07,overcast clouds
386,Wuwei,37.9281,102.6414,66.63,57,86,2.95,CN,2022-07-17 14:45:07,overcast clouds
387,Fairbanks,64.8378,-147.7164,57.16,77,100,3.44,US,2022-07-17 14:45:08,overcast clouds
388,Garden City,42.3256,-83.331,76.37,82,100,9.22,US,2022-07-17 14:45:08,overcast clouds
389,Aljezur,37.3191,-8.8033,77.97,62,27,10.02,PT,2022-07-17 14:45:08,scattered clouds
390,Guane,22.2025,-84.0875,87.17,59,36,8.19,CU,2022-07-17 14:45:09,scattered clouds
391,Alice Town,25.7167,-79.3,83.59,76,96,18.77,BS,2022-07-17 14:45:09,moderate rain
392,Bereda,43.2686,-7.5406,102.42,27,15,5.68,ES,2022-07-17 14:45:09,few clouds
393,Casas Grandes,30.3667,-107.95,74.44,56,0,1.32,MX,2022-07-17 14:45:10,clear sky
394,Stornoway,58.2093,-6.3865,64.04,84,75,6.91,GB,2022-07-17 14:45:10,broken clouds
395,Gasa,31.5,34.4667,86.88,60,0,12.1,PS,2022-07-17 14:43:01,clear sky
396,Mangai,-4.05,19.5333,85.35,44,95,3.31,CD,2022-07-17 14:45:10,overcast clouds
397,Kieta,-6.2167,155.6333,78.04,86,23,5.44,PG,2022-07-17 14:45:11,light rain
398,Denham Springs,30.4869,-90.9562,87.89,76,75,4.61,US,2022-07-17 14:45:11,broken clouds
399,North Bend,43.4065,-124.2243,60.24,98,75,0.0,US,2022-07-17 14:45:11,broken clouds
400,Huarmey,-10.0681,-78.1522,64.83,75,22,6.2,PE,2022-07-17 14:45:12,few clouds
401,Mana,5.6592,-53.7767,81.55,77,62,5.88,GF,2022-07-17 14:45:12,broken clouds
402,Puerto Escondido,15.85,-97.0667,76.03,83,100,9.22,MX,2022-07-17 14:45:12,overcast clouds
403,Ler,8.3018,30.1418,82.76,62,93,3.98,SS,2022-07-17 14:45:13,overcast clouds
404,Ciudad Bolivar,8.1222,-63.5497,86.85,61,27,7.16,VE,2022-07-17 14:45:13,scattered clouds
405,Tremosnice,49.8691,15.58,74.14,33,0,10.36,CZ,2022-07-17 14:45:13,clear sky
406,Khash,28.2211,61.2158,91.98,8,1,13.29,IR,2022-07-17 14:45:14,clear sky
407,Koindu,8.4386,-10.3253,77.4,88,69,6.62,GN,2022-07-17 14:45:14,light rain
408,Sistranda,63.7256,8.834,55.36,90,100,25.9,NO,2022-07-17 14:45:14,overcast clouds
409,Shizunai,42.3339,142.3669,65.73,98,99,0.81,JP,2022-07-17 14:45:15,overcast clouds
410,Nabire,-3.3667,135.4833,74.79,94,100,1.14,ID,2022-07-17 14:45:15,overcast clouds
411,Hasaki,35.7333,140.8333,77.29,94,42,10.74,JP,2022-07-17 14:45:15,scattered clouds
412,San Cristobal,7.7669,-72.225,77.18,84,100,5.73,VE,2022-07-17 14:45:16,overcast clouds
413,Ayan,56.45,138.1667,57.52,95,100,10.27,RU,2022-07-17 14:45:16,overcast clouds
414,Enshi,30.3,109.4833,77.11,95,98,0.67,CN,2022-07-17 14:45:16,overcast clouds
415,Arlit,18.7369,7.3853,103.71,19,1,6.11,NE,2022-07-17 14:45:17,clear sky
416,Esso,55.9333,158.7,56.28,91,8,5.59,RU,2022-07-17 14:45:17,clear sky
417,Camana,-16.6228,-72.7111,62.53,75,45,10.8,PE,2022-07-17 14:45:17,scattered clouds
418,Saint-Pierre,-21.3393,55.4781,70.92,69,0,23.02,RE,2022-07-17 14:45:18,clear sky
419,Los Llanos De Aridane,28.6585,-17.9182,74.95,81,20,9.22,ES,2022-07-17 14:46:18,few clouds
420,Nagai,38.1036,140.035,68.14,97,12,3.71,JP,2022-07-17 14:46:18,few clouds
421,Kruisfontein,-34.0033,24.7314,79.88,22,2,13.33,ZA,2022-07-17 14:46:19,clear sky
422,Kutum,14.2,24.6667,88.2,30,56,5.64,SD,2022-07-17 14:46:19,broken clouds
423,Lebu,-37.6167,-73.65,50.61,92,100,13.13,CL,2022-07-17 14:46:19,overcast clouds
424,Letterkenny,54.95,-7.7333,78.69,59,100,5.06,IE,2022-07-17 14:46:20,overcast clouds
425,Saint-Paul,-21.0096,55.2707,71.37,74,33,1.9,RE,2022-07-17 14:46:20,scattered clouds
426,Xam Nua,20.4197,104.0439,72.73,87,100,3.38,LA,2022-07-17 14:46:20,overcast clouds
427,Whitehorse,60.7161,-135.0538,50.77,76,100,17.27,CA,2022-07-17 14:44:20,light intensity shower rain
428,Shingu,33.7333,135.9833,75.06,87,100,5.35,JP,2022-07-17 14:46:21,overcast clouds
429,Sedalia,38.7045,-93.2283,75.43,94,100,10.36,US,2022-07-17 14:46:21,overcast clouds
430,Maldonado,-34.6667,-54.9167,48.22,59,0,16.13,UY,2022-07-17 14:46:21,clear sky
431,Lidkoping,58.5052,13.1577,68.41,48,60,7.56,SE,2022-07-17 14:46:22,broken clouds
432,Dharur,18.8167,76.1167,76.46,78,100,15.52,IN,2022-07-17 14:46:22,overcast clouds
433,Vao,-22.6667,167.4833,70.12,71,93,18.75,NC,2022-07-17 14:46:22,overcast clouds
434,Araouane,18.9048,-3.5265,105.1,22,66,10.89,ML,2022-07-17 14:46:23,broken clouds
435,Gannan,47.9147,123.5031,66.4,96,100,6.53,CN,2022-07-17 14:46:23,overcast clouds
436,Norman Wells,65.282,-126.8329,59.04,94,75,0.0,CA,2022-07-17 14:46:23,broken clouds
437,Zyryanka,65.75,150.85,47.88,68,75,5.3,RU,2022-07-17 14:46:24,broken clouds
438,Ulaanbaatar,47.9077,106.8832,60.93,51,0,6.71,MN,2022-07-17 14:46:24,clear sky
439,Cabra,37.4725,-4.4421,101.19,13,0,13.15,ES,2022-07-17 14:46:24,clear sky
440,Yeppoon,-23.1333,150.7333,56.98,87,91,4.81,AU,2022-07-17 14:46:25,overcast clouds
441,Dicabisagan,17.0818,122.4157,80.04,87,57,1.48,PH,2022-07-17 14:46:25,broken clouds
442,Saint-Andre-Les-Vergers,48.2853,4.0521,87.84,20,0,8.05,FR,2022-07-17 14:46:25,clear sky
443,Cockburn Town,21.4612,-71.1419,85.96,66,40,17.27,TC,2022-07-17 14:43:24,scattered clouds
444,Loveland,40.3978,-105.075,84.45,50,0,3.0,US,2022-07-17 14:46:22,clear sky
445,Salvador,13.8333,-88.9167,79.05,73,88,2.89,SV,2022-07-17 14:44:23,overcast clouds
446,Menongue,-14.6585,17.691,77.36,17,1,8.01,AO,2022-07-17 14:46:26,clear sky
447,Borazjan,29.2666,51.2159,102.6,24,1,3.96,IR,2022-07-17 14:46:26,clear sky
448,Road Town,18.4167,-64.6167,86.09,79,40,11.5,VG,2022-07-17 14:46:27,scattered clouds
449,Jaciara,-15.9653,-54.9683,85.57,39,5,5.55,BR,2022-07-17 14:46:27,clear sky
450,Nagamangala,12.8156,76.7575,71.85,84,100,14.76,IN,2022-07-17 14:46:27,moderate rain
451,Senneterre,48.3835,-77.2328,75.25,57,97,3.18,CA,2022-07-17 14:46:28,overcast clouds
452,Mizdah,31.4451,12.9801,95.83,17,0,14.27,LY,2022-07-17 14:46:28,clear sky
453,Yoichi,43.2039,140.7703,65.79,96,100,3.36,JP,2022-07-17 14:46:28,overcast clouds
454,Tual,-5.6667,132.75,78.94,80,98,22.08,ID,2022-07-17 14:46:29,overcast clouds
455,Finote Selam,10.7,37.2667,61.3,94,100,3.06,ET,2022-07-17 14:46:29,moderate rain
456,Ushtobe,45.2514,77.9838,91.49,15,71,11.36,KZ,2022-07-17 14:46:29,broken clouds
457,Owando,-0.4819,15.8999,92.14,35,68,4.32,CG,2022-07-17 14:46:30,broken clouds
458,Baglan,36.1307,68.7083,94.75,11,0,6.42,AF,2022-07-17 14:46:30,clear sky
459,Santa Rosa De Osos,6.6474,-75.4603,59.47,82,97,4.29,CO,2022-07-17 14:46:30,overcast clouds
460,Husavik,66.0449,-17.3389,46.8,95,100,12.55,IS,2022-07-17 14:46:31,overcast clouds
461,Bucerias,20.75,-105.3333,78.98,100,100,3.44,MX,2022-07-17 14:42:37,overcast clouds
462,Bastrop,32.7562,-91.8724,87.69,75,20,1.01,US,2022-07-17 14:44:07,few clouds
463,Oran,35.6911,-0.6417,83.91,70,20,14.97,DZ,2022-07-17 14:46:31,few clouds
464,Tyazhinskiy,56.116,88.524,55.62,97,56,3.94,RU,2022-07-17 14:47:32,light rain
465,Hailar,49.2,119.7,64.18,85,26,2.66,CN,2022-07-17 14:47:32,scattered clouds
466,Maua,-23.6678,-46.4614,80.4,44,59,6.06,BR,2022-07-17 14:44:11,broken clouds
467,Palmas,-10.2128,-48.3603,87.67,35,0,8.05,BR,2022-07-17 14:47:32,clear sky
468,Port Augusta,-32.5,137.7667,51.46,85,57,3.8,AU,2022-07-17 14:47:33,broken clouds
469,Bolivar,37.6145,-93.4105,83.14,91,100,8.48,US,2022-07-17 14:45:12,overcast clouds
470,Pierre,44.3683,-100.351,70.72,100,20,6.91,US,2022-07-17 14:47:33,few clouds
471,Hattiesburg,31.3271,-89.2903,85.64,82,0,3.44,US,2022-07-17 14:46:06,clear sky
472,Swift Current,50.2834,-107.8014,76.01,64,0,10.36,CA,2022-07-17 14:47:34,clear sky
473,Ewa Beach,21.3156,-158.0072,78.75,73,40,10.36,US,2022-07-17 14:47:34,scattered clouds
474,Wanaka,-44.7,169.15,43.11,96,100,1.99,NZ,2022-07-17 14:47:35,light rain
475,Tahlequah,35.9154,-94.97,89.04,53,99,7.25,US,2022-07-17 14:45:35,overcast clouds
476,San Cosme Y Damian,-27.3167,-56.35,53.29,64,0,3.76,PY,2022-07-17 14:47:35,clear sky
477,Bluefield,37.2698,-81.2223,78.37,75,0,6.91,US,2022-07-17 14:47:35,clear sky
478,Mehamn,71.0357,27.8492,58.91,76,100,9.22,NO,2022-07-17 14:47:36,overcast clouds
479,Itoman,26.1247,127.6694,83.17,94,75,18.41,JP,2022-07-17 14:47:36,broken clouds
480,Vila Velha,-20.3297,-40.2925,82.35,64,0,14.97,BR,2022-07-17 14:47:18,clear sky
481,Miri,4.4148,114.0089,78.94,94,20,2.3,MY,2022-07-17 14:45:33,few clouds
482,Houma,29.5958,-90.7195,87.01,82,40,3.0,US,2022-07-17 14:46:08,scattered clouds
483,Koumac,-20.5667,164.2833,68.61,78,47,5.53,NC,2022-07-17 14:47:37,scattered clouds
484,Minas Novas,-17.2186,-42.5903,84.27,28,6,5.46,BR,2022-07-17 14:47:37,clear sky
485,Klooga,59.3197,24.2114,61.9,63,20,13.8,EE,2022-07-17 14:47:37,few clouds
486,Rupert,42.6191,-113.6772,67.95,56,0,0.0,US,2022-07-17 14:47:38,clear sky
487,Yantzaza,-3.8278,-78.7594,74.62,77,96,2.75,EC,2022-07-17 14:47:38,light rain
488,Lorengau,-2.0226,147.2712,80.8,82,94,9.6,PG,2022-07-17 14:47:39,overcast clouds
489,Iquitos,-3.7481,-73.2472,78.84,89,75,3.44,PE,2022-07-17 14:47:39,broken clouds
490,Campeche,19.0,-90.5,88.02,46,21,4.47,MX,2022-07-17 14:47:39,few clouds
491,Sidrolandia,-20.9319,-54.9614,68.79,53,100,8.25,BR,2022-07-17 14:46:20,moderate rain
492,Karratha,-20.7377,116.8463,67.86,62,2,5.68,AU,2022-07-17 14:47:40,clear sky
493,Port Shepstone,-30.7414,30.455,69.49,73,0,20.42,ZA,2022-07-17 14:47:40,clear sky
494,Demidov,55.2706,31.515,65.25,61,97,5.5,RU,2022-07-17 14:47:40,overcast clouds
495,Orbetello,42.4408,11.2196,91.4,27,0,4.61,IT,2022-07-17 14:47:41,clear sky
496,Sterling,39.0062,-77.4286,81.16,89,100,4.61,US,2022-07-17 14:47:27,overcast clouds
497,Umba,66.6871,34.3429,60.06,66,14,11.86,RU,2022-07-17 14:47:41,few clouds
498,Casa Nova,-9.4167,-41.1333,82.94,40,5,15.97,BR,2022-07-17 14:47:41,clear sky
499,Megion,61.0296,76.1136,59.02,64,70,10.76,RU,2022-07-17 14:47:42,broken clouds
500,Praia Da Vitoria,38.7333,-27.0667,76.75,83,75,13.56,PT,2022-07-17 14:47:42,broken clouds
501,Hervey Bay,-25.2986,152.8535,64.4,71,100,2.28,AU,2022-07-17 14:47:42,overcast clouds
502,Lardos,36.0942,28.0157,94.82,35,0,13.4,GR,2022-07-17 14:47:43,clear sky
503,Ciechanow,52.8814,20.62,69.66,42,90,8.72,PL,2022-07-17 14:47:43,overcast clouds
504,Creston,41.0586,-94.3614,73.36,88,75,8.05,US,2022-07-17 14:47:43,mist
505,Pingliang,35.5392,106.6861,71.46,43,91,5.73,CN,2022-07-17 14:47:44,overcast clouds
506,Barcelos,41.5388,-8.6151,91.92,46,32,7.52,PT,2022-07-17 14:47:44,scattered clouds
507,Namatanai,-3.6667,152.4333,79.48,80,31,9.19,PG,2022-07-17 14:47:44,scattered clouds
508,Hailun,47.45,126.9333,62.02,96,69,5.7,CN,2022-07-17 14:47:45,broken clouds
509,Tomter,59.65,11.0,72.81,49,100,7.0,NO,2022-07-17 14:47:45,overcast clouds
510,Acapulco,16.8634,-99.8901,78.62,83,40,6.91,MX,2022-07-17 14:47:13,scattered clouds
511,Lensk,60.7253,114.9278,54.9,91,76,3.29,RU,2022-07-17 14:48:46,broken clouds
512,Shimoda,34.6667,138.95,76.1,91,57,13.73,JP,2022-07-17 14:48:46,broken clouds
513,Grand-Santi,4.25,-54.3833,90.81,51,22,2.13,GF,2022-07-17 14:48:46,few clouds
514,The Pas,53.8251,-101.2541,69.82,83,0,9.22,CA,2022-07-17 14:48:47,clear sky
515,Kastamonu,41.5,33.6667,70.93,53,0,11.18,TR,2022-07-17 14:48:47,clear sky
516,Tiarei,-17.5333,-149.3333,71.62,73,66,17.18,PF,2022-07-17 14:48:47,broken clouds
517,Camocim,-2.9022,-40.8411,90.12,50,67,10.22,BR,2022-07-17 14:48:48,broken clouds
518,Beaverlodge,55.2166,-119.4361,56.55,68,1,4.94,CA,2022-07-17 14:48:48,clear sky
519,Edmonton,53.5501,-113.4687,64.65,75,100,5.99,CA,2022-07-17 14:45:25,overcast clouds
520,Lebowakgomo,-24.2,29.5,63.5,42,0,7.85,ZA,2022-07-17 14:48:48,clear sky
521,Garissa,-0.4536,39.6401,84.16,40,98,22.48,KE,2022-07-17 14:48:49,overcast clouds
522,Fukue,32.6881,128.8419,79.61,83,100,11.72,JP,2022-07-17 14:48:49,overcast clouds
523,Margate,51.3813,1.3862,82.11,56,93,1.01,GB,2022-07-17 14:48:50,overcast clouds
524,Talnakh,69.4865,88.3972,63.21,52,100,3.36,RU,2022-07-17 14:48:50,overcast clouds
525,Timra,62.487,17.3257,65.68,51,40,8.05,SE,2022-07-17 14:48:50,scattered clouds
526,Shubarshi,48.5872,57.1869,91.51,21,0,8.39,KZ,2022-07-17 14:48:50,clear sky
527,Tautira,-17.7333,-149.15,74.41,74,72,16.24,PF,2022-07-17 14:48:51,broken clouds
528,South Lake Tahoe,38.9332,-119.9844,75.27,45,3,1.99,US,2022-07-17 14:44:56,clear sky
529,Oyem,1.5995,11.5793,76.98,66,79,4.14,GA,2022-07-17 14:48:51,broken clouds
530,Meulaboh,4.1363,96.1285,79.36,81,91,1.83,ID,2022-07-17 14:48:52,overcast clouds
531,West Odessa,31.8424,-102.4988,86.41,37,0,12.66,US,2022-07-17 14:48:52,clear sky
532,Leopold,-38.1833,144.4667,42.82,90,65,13.8,AU,2022-07-17 14:48:52,broken clouds
533,Yairipok,24.6667,94.0667,74.8,91,91,1.16,IN,2022-07-17 14:48:52,overcast clouds
534,Tiznit,29.5833,-9.5,91.2,32,0,10.56,MA,2022-07-17 14:48:53,clear sky
535,Manzhouli,49.6,117.4333,60.31,95,98,7.09,CN,2022-07-17 14:48:53,overcast clouds
536,Goure,13.9835,10.2704,81.01,68,99,9.95,NE,2022-07-17 14:48:53,light rain
537,Sakaiminato,35.55,133.2333,78.78,83,75,9.22,JP,2022-07-17 14:48:54,broken clouds
538,General Pico,-35.6566,-63.7568,54.25,33,7,18.57,AR,2022-07-17 14:48:54,clear sky
539,Grand-Lahou,5.1367,-5.0242,77.09,79,93,11.59,CI,2022-07-17 14:48:54,overcast clouds
540,Bafoulabe,13.8065,-10.8321,97.18,43,92,8.43,ML,2022-07-17 14:48:55,overcast clouds
541,Dharapuram,10.7333,77.5167,81.28,61,100,21.63,IN,2022-07-17 14:48:55,light rain
542,Tornio,65.8481,24.1466,62.62,72,85,7.02,FI,2022-07-17 14:48:55,overcast clouds
543,Khani,41.9563,42.9566,69.37,93,78,3.91,GE,2022-07-17 14:48:56,broken clouds
544,Comodoro Rivadavia,-45.8667,-67.5,42.66,61,0,20.71,AR,2022-07-17 14:45:01,clear sky
545,Ahipara,-35.1667,173.1667,48.63,84,92,4.81,NZ,2022-07-17 14:48:56,overcast clouds
546,Venado Tuerto,-33.7456,-61.9688,49.77,38,1,16.46,AR,2022-07-17 14:48:14,clear sky
547,Sikasso,10.9167,-7.0,86.76,60,80,2.89,ML,2022-07-17 14:48:57,light rain
548,Zimandu Nou,46.2833,21.4,83.7,26,0,10.36,RO,2022-07-17 14:48:57,clear sky
549,Odienne,9.51,-7.5692,80.38,80,95,4.74,CI,2022-07-17 14:48:57,moderate rain
550,Karoi,-16.8099,29.6925,66.6,34,19,7.43,ZW,2022-07-17 14:48:58,few clouds
551,Katsuura,35.1333,140.3,77.2,91,32,17.05,JP,2022-07-17 14:48:58,scattered clouds
552,Invermere,50.5167,-116.0354,69.89,50,0,1.19,CA,2022-07-17 14:48:58,clear sky
553,Surgut,61.25,73.4167,68.18,56,20,7.0,RU,2022-07-17 14:48:59,few clouds
554,Acarau,-2.8856,-40.12,87.6,57,27,14.45,BR,2022-07-17 14:48:59,scattered clouds
555,Funadhoo,6.15,73.2667,81.84,80,99,13.85,MV,2022-07-17 14:48:59,overcast clouds
556,Nikolayevka,53.1257,47.2041,76.23,64,59,4.36,RU,2022-07-17 14:49:00,broken clouds
557,Nha Trang,12.25,109.1833,78.8,88,44,3.83,VN,2022-07-17 14:45:37,scattered clouds
558,Agdam,39.991,46.9274,97.16,19,0,9.55,AZ,2022-07-17 14:50:02,clear sky
559,Tacuarembo,-31.7333,-55.9833,49.44,64,0,7.56,UY,2022-07-17 14:50:02,clear sky
560,Camopi,3.1655,-52.3158,88.34,53,59,3.38,GF,2022-07-17 14:50:03,broken clouds
561,Qaqortoq,60.7167,-46.0333,45.54,75,11,10.16,GL,2022-07-17 14:50:03,few clouds
562,Mairwa,26.2333,84.15,97.27,41,44,16.71,IN,2022-07-17 14:50:09,scattered clouds
563,Usak,38.5,29.4167,84.99,24,0,20.31,TR,2022-07-17 14:50:14,clear sky
564,Marzuq,14.4,46.4667,95.85,11,94,18.34,YE,2022-07-17 14:50:15,overcast clouds
565,Portland,45.5234,-122.6762,62.46,71,75,8.05,US,2022-07-17 14:46:45,broken clouds
566,Atbasar,51.8,68.3333,75.16,51,63,4.03,KZ,2022-07-17 14:50:21,broken clouds
567,Mayo,38.8876,-76.5119,83.48,85,0,5.99,US,2022-07-17 14:50:22,clear sky
568,Teguise,29.0605,-13.564,79.02,54,20,20.71,ES,2022-07-17 14:50:22,few clouds
569,Hokitika,-42.7167,170.9667,53.89,93,100,21.65,NZ,2022-07-17 14:50:22,moderate rain
570,Tuatapere,-46.1333,167.6833,55.62,62,59,14.41,NZ,2022-07-17 14:50:25,light rain
571,Wukari,7.85,9.7833,82.65,63,100,3.94,NG,2022-07-17 14:50:25,overcast clouds
572,Kita,13.0349,-9.4895,91.65,48,65,4.16,ML,2022-07-17 14:50:26,broken clouds
573,Falmouth,50.1544,-5.0711,83.3,47,97,12.66,GB,2022-07-17 14:50:26,overcast clouds
574,North Platte,41.1239,-100.7654,71.49,83,100,5.75,US,2022-07-17 14:50:26,overcast clouds
575,Amnat Charoen,15.9167,104.75,80.31,82,33,6.38,TH,2022-07-17 14:50:28,scattered clouds
576,Karpogory,64.0019,44.4451,66.24,65,100,4.63,RU,2022-07-17 14:50:28,overcast clouds
577,Plettenberg Bay,-34.0527,23.3716,77.59,28,0,12.88,ZA,2022-07-17 14:50:29,clear sky
578,Kalisz,51.7611,18.091,72.79,26,100,13.44,PL,2022-07-17 14:48:27,overcast clouds
579,Sao Joao Do Piaui,-8.3581,-42.2467,91.11,25,8,11.23,BR,2022-07-17 14:50:31,clear sky
580,Luzon,6.519,126.0941,81.01,77,99,5.21,PH,2022-07-17 14:50:32,overcast clouds
581,Havre-Saint-Pierre,50.2334,-63.5986,62.96,82,75,8.05,CA,2022-07-17 14:50:32,broken clouds
582,Vostok,46.4856,135.8833,54.07,97,92,3.91,RU,2022-07-17 14:50:32,overcast clouds
583,Bronzani Majdan,44.7869,16.9311,81.18,28,0,8.79,BA,2022-07-17 14:50:33,clear sky
584,Talcahuano,-36.7167,-73.1167,51.48,100,100,8.05,CL,2022-07-17 14:50:35,moderate rain
585,Sinegorye,62.0788,150.477,61.18,96,100,5.12,RU,2022-07-17 14:50:35,light rain
586,Manado,1.487,124.8455,75.97,100,40,2.3,ID,2022-07-17 14:50:35,scattered clouds
587,Sagaing,21.8787,95.9797,90.88,51,100,16.44,MM,2022-07-17 14:50:36,overcast clouds
588,Sovetskiy,61.3614,63.5842,70.52,54,100,3.98,RU,2022-07-17 14:50:36,overcast clouds
589,Follebu,61.216,10.2851,66.67,45,100,10.85,NO,2022-07-17 14:50:36,overcast clouds
590,Macau,22.2006,113.5461,88.86,84,40,11.5,MO,2022-07-17 14:50:12,scattered clouds
591,Escanaba,45.7453,-87.0646,79.52,71,0,5.75,US,2022-07-17 14:50:06,clear sky
592,Padang,-0.9492,100.3543,77.05,82,85,3.22,ID,2022-07-17 14:50:37,overcast clouds
593,Portales,34.1862,-103.3344,86.32,27,95,7.29,US,2022-07-17 14:50:37,overcast clouds
594,Linxia,35.6003,103.2064,61.11,68,100,2.68,CN,2022-07-17 14:50:37,overcast clouds
595,Xining,36.6167,101.7667,53.51,90,100,0.65,CN,2022-07-17 14:50:38,overcast clouds
596,Saint-Georges,12.0564,-61.7485,80.28,89,75,14.97,GD,2022-07-17 14:50:37,broken clouds
597,Caluquembe,-13.7833,14.6833,74.97,21,21,4.47,AO,2022-07-17 14:50:38,few clouds
598,Ocampo,21.65,-101.5,61.93,64,98,4.23,MX,2022-07-17 14:50:38,overcast clouds
599,Urumqi,43.801,87.6005,86.95,18,0,4.47,CN,2022-07-17 14:50:39,clear sky
600,Limon,10.0,-83.0333,76.89,94,75,10.36,CR,2022-07-17 14:50:39,broken clouds
601,Sumter,28.7086,-82.0831,88.95,71,63,6.11,US,2022-07-17 14:50:39,broken clouds
602,Ndioum,16.5129,-14.6471,98.58,29,70,14.16,SN,2022-07-17 14:51:40,broken clouds
603,Turukhansk,65.8167,87.9833,61.83,57,91,10.09,RU,2022-07-17 14:51:40,overcast clouds
604,Morgan City,29.6994,-91.2068,88.0,68,17,3.04,US,2022-07-17 14:51:40,few clouds
605,Zabid,14.1951,43.3152,94.17,37,84,24.54,YE,2022-07-17 14:51:41,broken clouds
606,Salalah,17.0151,54.0924,77.2,93,100,6.67,OM,2022-07-17 14:51:41,overcast clouds
607,Rio Cuarto,-33.1307,-64.3499,58.48,46,0,16.11,AR,2022-07-17 14:47:18,clear sky
608,Balabac,7.9868,117.0645,82.17,75,100,8.12,PH,2022-07-17 14:51:41,light rain
609,Launceston,-41.45,147.1667,42.8,83,100,9.22,AU,2022-07-17 14:51:42,overcast clouds
610,Plouzane,48.3833,-4.6167,93.52,29,0,6.91,FR,2022-07-17 14:51:42,clear sky
611,Valladolid,41.5833,-4.6667,103.71,14,34,16.84,ES,2022-07-17 14:51:42,scattered clouds
612,Kachug,53.9606,105.8817,52.57,96,1,2.15,RU,2022-07-17 14:51:43,clear sky
613,Kumano,34.3442,132.5894,77.92,90,100,4.79,JP,2022-07-17 14:51:43,moderate rain
614,Ternate,0.8,127.4,80.56,79,100,7.67,ID,2022-07-17 14:51:43,overcast clouds
615,Sarangani,5.4033,125.4636,83.08,76,82,13.24,PH,2022-07-17 14:51:44,broken clouds
616,Navoloki,57.4657,41.9634,69.91,55,87,3.87,RU,2022-07-17 14:51:44,overcast clouds
617,Sao Raimundo Nonato,-9.0153,-42.6994,89.06,27,5,9.08,BR,2022-07-17 14:51:44,clear sky
618,San Pedro,14.35,121.0167,78.03,93,75,2.3,PH,2022-07-17 14:51:45,broken clouds
619,Tocuila,18.95,-97.0167,72.25,56,100,3.38,MX,2022-07-17 14:51:45,overcast clouds
620,Dunedin,-45.8742,170.5036,51.53,69,100,11.05,NZ,2022-07-17 14:51:45,overcast clouds
621,Praya,14.9215,-23.5087,86.54,54,20,6.91,CV,2022-07-17 14:50:09,few clouds
622,Juiz De Fora,-21.7642,-43.3503,81.59,36,100,3.18,BR,2022-07-17 14:51:46,overcast clouds
623,Caranavi,-15.8167,-67.55,64.29,99,99,1.52,BO,2022-07-17 14:51:46,overcast clouds
624,Grand Gaube,-20.0064,57.6608,70.38,72,16,5.99,MU,2022-07-17 14:51:46,light rain
625,Vrangel,42.7297,133.0839,62.44,94,100,14.36,RU,2022-07-17 14:51:47,overcast clouds
626,Rocha,-34.4833,-54.3333,50.58,54,1,15.86,UY,2022-07-17 14:51:47,clear sky
627,Lata,40.1629,-8.3327,89.49,45,38,10.71,PT,2022-07-17 14:51:47,scattered clouds
628,Sassandra,4.95,-6.0833,78.53,74,100,10.87,CI,2022-07-17 14:51:48,overcast clouds
629,Hun,29.1268,15.9477,94.62,12,0,10.92,LY,2022-07-17 14:51:48,clear sky
630,Inverell,-29.7833,151.1167,51.15,84,69,1.99,AU,2022-07-17 14:51:49,broken clouds
631,Salaga,8.5508,-0.5188,82.11,66,98,7.27,GH,2022-07-17 14:51:49,light rain
632,Noumea,-22.2763,166.4572,72.0,99,35,7.65,NC,2022-07-17 14:51:49,scattered clouds
633,Arman,59.7,150.1667,57.02,95,11,3.65,RU,2022-07-17 14:51:50,few clouds
634,Huambo,-12.7761,15.7392,75.0,31,0,0.0,AO,2022-07-17 14:51:50,clear sky
635,Ust-Kuyga,70.0167,135.6,43.32,68,98,5.06,RU,2022-07-17 14:51:50,overcast clouds
636,Livingston,55.9029,-3.5226,78.85,49,0,12.66,GB,2022-07-17 14:47:54,clear sky
637,Taltal,-25.4,-70.4833,62.4,53,0,5.44,CL,2022-07-17 14:51:51,clear sky
638,Tena,-0.9833,-77.8167,70.79,93,92,0.89,EC,2022-07-17 14:51:51,light rain
639,Ust-Nera,64.5667,143.2,63.3,82,100,5.95,RU,2022-07-17 14:51:51,overcast clouds
640,Namwala,-15.7504,26.4384,72.45,26,0,8.72,ZM,2022-07-17 14:51:52,clear sky
641,Galle,6.0367,80.217,79.7,86,100,9.08,LK,2022-07-17 14:51:52,overcast clouds
642,Masvingo,-20.0637,30.8277,60.26,58,51,9.48,ZW,2022-07-17 14:51:52,broken clouds
643,Songjianghe,42.1859,127.479,58.3,98,37,4.47,CN,2022-07-17 14:51:53,scattered clouds
644,Vanimo,-2.6741,141.3028,75.85,89,100,2.51,PG,2022-07-17 14:51:53,overcast clouds
645,Sosua,19.7667,-70.5167,87.78,74,20,17.27,DO,2022-07-17 14:51:54,few clouds
646,Muzhi,65.3667,64.6667,72.46,53,3,4.25,RU,2022-07-17 14:52:54,clear sky
647,Chapais,49.7834,-74.8492,69.58,49,57,8.59,CA,2022-07-17 14:52:54,broken clouds
648,Chicama,-7.8447,-79.1469,59.54,67,37,6.55,PE,2022-07-17 14:52:54,scattered clouds
649,Makakilo City,21.3469,-158.0858,77.32,74,100,10.36,US,2022-07-17 14:52:55,overcast clouds
650,Shchigry,51.8755,36.9043,62.42,89,100,3.11,RU,2022-07-17 14:52:55,light rain
651,Laguna,38.421,-121.4238,83.97,61,0,5.75,US,2022-07-17 14:52:56,clear sky
652,Khomeyn,33.6423,50.0789,89.15,7,0,16.75,IR,2022-07-17 14:52:56,clear sky
653,Champerico,14.3,-91.9167,82.94,80,96,6.44,GT,2022-07-17 14:52:56,overcast clouds
654,Maraba,-5.3686,-49.1178,91.58,43,0,2.3,BR,2022-07-17 14:51:09,clear sky
655,Pafos,34.7667,32.4167,89.24,79,20,11.5,CY,2022-07-17 14:52:57,few clouds
656,Bonavista,48.6499,-53.1147,63.36,67,10,12.93,CA,2022-07-17 14:52:57,clear sky
657,San Rafael,-34.6177,-68.3301,52.36,21,27,13.56,AR,2022-07-17 14:52:57,scattered clouds
658,Verkh-Usugli,52.7,115.1667,55.65,96,99,2.68,RU,2022-07-17 14:52:58,overcast clouds
659,Kamenka,51.3223,42.7678,82.06,46,23,9.95,RU,2022-07-17 14:52:58,few clouds
660,Mabaruma,8.2,-59.7833,86.49,64,18,3.78,GY,2022-07-17 14:52:58,few clouds
661,Ierissos,40.4,23.8833,87.04,58,29,4.74,GR,2022-07-17 14:52:59,scattered clouds
662,Japura,-0.3167,102.35,76.8,87,85,3.11,ID,2022-07-17 14:52:59,overcast clouds
663,Zyryanovsk,49.7386,84.2719,61.21,92,100,4.9,KZ,2022-07-17 14:52:59,heavy intensity rain
664,Aleksandrovsk-Sakhalinskiy,50.8975,142.1561,57.9,82,100,3.4,RU,2022-07-17 14:52:59,overcast clouds
665,Abu Zabad,12.35,29.25,87.48,49,79,3.11,SD,2022-07-17 14:53:00,light rain
666,Ukiah,39.1502,-123.2078,74.44,79,0,0.0,US,2022-07-17 14:53:00,clear sky
667,Vila,42.0304,-8.1588,77.88,20,11,7.76,PT,2022-07-17 14:53:00,few clouds
668,Serra,-20.1286,-40.3078,81.86,54,0,14.97,BR,2022-07-17 14:53:01,clear sky
669,Mindif,10.3976,14.4363,73.89,85,100,3.18,CM,2022-07-17 14:53:01,overcast clouds
670,Pasni,25.2631,63.471,84.72,78,100,1.61,PK,2022-07-17 14:53:01,moderate rain
671,Santa Cruz Del Sur,20.7147,-77.9956,84.42,70,97,5.14,CU,2022-07-17 14:53:02,overcast clouds
672,Takapau,-40.0333,176.35,46.72,86,100,4.21,NZ,2022-07-17 14:53:02,overcast clouds
673,Manokwari,-0.8667,134.0833,74.8,86,100,0.83,ID,2022-07-17 14:53:02,overcast clouds
674,Bocaiuva,-17.1078,-43.815,78.51,31,100,7.74,BR,2022-07-17 14:53:03,overcast clouds
675,Vestmanna,62.1564,-7.1664,49.12,93,100,12.66,FO,2022-07-17 14:53:03,overcast clouds
676,Fergus Falls,46.283,-96.0776,78.78,80,0,5.75,US,2022-07-17 14:50:50,clear sky
677,Yushu,44.8,126.5333,64.31,91,100,6.6,CN,2022-07-17 14:53:03,overcast clouds
678,Thiruvananthapuram,8.4833,76.9167,80.58,83,40,9.22,IN,2022-07-17 14:53:04,mist
679,Swellendam,-34.0226,20.4417,71.24,45,0,0.81,ZA,2022-07-17 14:53:04,clear sky
680,Ortakoy,38.7373,34.0387,80.85,34,0,20.54,TR,2022-07-17 14:53:05,clear sky
681,Leh,34.1667,77.5833,67.87,39,92,5.44,IN,2022-07-17 14:53:05,overcast clouds
682,Gornopravdinsk,60.05,69.9,67.06,60,75,4.38,RU,2022-07-17 14:53:05,broken clouds
683,Ostersund,63.1792,14.6357,55.85,62,0,6.91,SE,2022-07-17 14:53:05,clear sky
684,Kyra,49.5776,111.9753,56.93,57,0,5.12,RU,2022-07-17 14:53:06,clear sky
